time_on_platform_mins,num_video_clicks,quiz_score_avg,forum_posts,is_engaged
142.35213688550547,14,81.52411557551848,0,0
143.7781064472967,13,79.09019978135319,3,1
179.14598421453115,15,93.06652285552725,6,1
218.53634353836114,8,89.59584223110122,2,1
139.4630981374499,6,70.02539837063418,0,1
139.46383693728689,14,92.78189526177582,0,1
221.06457669783262,12,97.95292363782282,3,1
154.5345628118809,14,77.57203976385587,3,0
98.87365263292716,13,92.28972154892539,4,0
174.4152019613684,11,66.73894309754573,2,1
129.14620382343918,13,92.01925633197777,0,1
99.04216108933844,10,57.44578940404838,2,0
160.88830222047153,15,68.28877962650368,3,1
63.90238899039909,16,75.53603749393315,2,1
72.37869753691352,8,70.86909724638633,1,1
124.69706118415623,12,76.78006271888293,2,1
104.42259958495093,16,81.78774533933216,2,1
164.14112996678733,10,97.55731729497077,1,1
109.1389166015455,12,80.18261441941446,1,1
86.44633343991188,12,61.21561439845611,4,1
215.95419460146994,16,100.0,2,1
139.84006647810588,18,72.4436479957744,4,1
123.03876921095657,6,74.11919359343057,1,0
55.886331620394444,17,81.69804760411067,1,0
125.50277739636678,19,87.99415627604174,3,1
154.99151653694398,12,100.0,2,1
98.20528901599637,13,92.18504715089138,1,1
166.90641082555524,13,72.08035630454339,1,1
92.97125895365377,20,100.0,1,0
136.87378125930255,14,87.9150019500735,1,1
92.92320244967713,9,72.78989660067741,0,0
233.35251830290218,15,99.45888134583356,3,1
149.392624886793,17,88.74176418895108,4,1
102.40300819698449,18,90.98842289408991,1,1
157.01452104464352,12,100.0,3,0
95.062035751304,18,80.8731785761743,0,1
159.398861775214,6,80.23358658973906,3,1
61.8148444254101,24,86.74867768018696,1,1
90.23162779957062,14,100.0,2,1
158.85875561411055,11,62.40198954714401,3,1
183.23099609979346,13,55.51666162785242,2,1
157.71157265354867,18,76.19327094069779,1,1
114.79582729252918,11,50.491155614110696,1,0
136.450333698482,15,78.62752978711542,2,1
83.46651043346577,11,92.53749544193936,1,1
117.6070106222381,16,71.63876704671605,2,1
99.27125530680956,10,53.597601348279866,2,0
167.5705001798512,18,76.04005742573023,3,0
135.46282303058075,17,87.93815226922756,5,0
70.66319300867697,18,59.575398422250814,2,1
164.58377862276578,21,97.30348597458976,2,1
132.67129738126576,13,97.25959305607489,1,1
119.53850998623186,9,99.31127653234942,4,1
177.52543299783906,12,100.0,2,1
196.39497851231778,13,100.0,2,1
191.90760536022893,10,79.65861927071417,0,1
112.23521145498127,15,86.64357370116787,1,1
136.08544308669536,15,78.75342350127961,1,1
164.90685441316037,25,85.02965267133716,1,1
163.89953072050616,17,97.99310033454468,2,0
128.43715929696197,18,64.82478274103997,3,1
141.64534605012824,10,72.08425491751638,3,1
100.21492616972873,18,100.0,4,1
96.17070191636981,10,100.0,3,1
156.5636620077389,18,69.55302529774383,1,0
211.03080128568703,13,97.8160300168108,3,1
146.759544528885,20,90.1182376373805,1,1
195.15898040514108,18,100.0,2,1
136.27362112714354,14,76.11764390740159,0,0
120.9696110427694,8,100.0,1,1
166.26280224787862,12,100.0,1,1
219.2116454909686,18,93.97148732571199,4,1
118.38782824005219,25,75.73992248692265,1,0
190.40896451163027,13,85.8367047783147,2,0
40.0,11,79.52078712694173,2,1
186.98561269688508,16,100.0,1,1
153.91711807071772,16,87.70106556543972,3,1
136.54466922903595,19,80.90600019661731,4,1
154.12923494409762,14,72.46466492469946,0,1
60.55939884295982,12,100.0,2,1
110.11476504731196,22,88.00781119241609,2,0
166.0700657180286,15,77.5396844287886,5,1
216.50523201336824,17,93.64677017683634,2,1
126.67784017768587,10,62.37166047680715,2,1
113.61778786980656,16,87.77455862609735,4,1
127.42093303869586,15,91.79134528115041,1,1
161.19309529659333,15,100.0,4,0
164.7937999346858,8,73.43771795906966,3,1
126.16079083048325,19,65.82471056796513,6,1
173.097034490101,15,71.56858058612437,0,1
154.3684897206618,6,64.95147249527619,3,1
163.58902457398,14,95.04986036638475,1,0
118.40761077551915,20,100.0,1,1
135.25520340310044,25,89.80324866923243,2,1
102.3551331090529,16,93.31942418527723,2,0
84.14182733405467,14,87.00937570870353,1,1
133.32541246790592,8,73.5733252844885,2,0
161.747487248095,18,80.00443571419358,3,1
150.23010554891073,15,80.34413512933652,2,1
139.44357899811837,12,61.782976655364536,2,1
56.308316607731356,17,78.96382145411009,4,0
131.07096047555885,16,84.39499134678934,1,1
134.57784675629537,15,96.18041086116814,0,1
113.89752288502714,22,86.40285244657915,3,1
142.7421429750296,17,82.55944447646363,2,1
138.1822885566542,13,61.93210454988554,5,0
234.87836555447387,18,86.08229855232642,3,1
157.85600157743275,14,96.07355846224243,7,1
161.5897675825244,15,67.84991513374209,1,1
146.64993379052248,10,86.31210630521109,4,1
63.65529531154313,14,88.49564427294226,1,1
148.80687560478526,18,74.22902824572603,2,1
152.7103594473462,14,76.18215542637999,4,1
230.8458950618379,16,78.45916273149322,2,0
141.34375658484947,19,67.99868472561066,0,1
133.56963040501256,16,80.24885572874089,2,0
148.43797036326407,17,71.569684395112,2,1
67.40948830712105,9,90.94280539549824,0,0
201.42702665317591,11,100.0,1,1
153.83698647090483,5,62.08864797447271,3,0
155.59643761693712,20,83.01311793562012,0,0
109.07756453423676,24,74.0988714267697,1,1
183.12574399212446,14,90.61431260696685,1,0
86.91670217434736,15,66.02112386372178,2,1
176.40856922101216,12,92.20880137641569,0,1
218.57050316144904,21,61.905165496659706,0,0
105.42586536911902,18,81.89523116352447,0,1
124.51660216787526,15,69.5346208727904,3,1
154.48431142894384,16,97.3352570634363,3,1
127.34359556477104,13,72.44529468340619,0,1
80.22014560202403,11,93.27946388997742,2,1
153.08533386627124,15,79.838529576065,3,1
72.19633288232528,13,73.28291442301706,5,0
171.31165937858316,18,87.21633861100193,3,1
108.62590945947886,15,73.57262992511727,1,1
219.74704822578929,14,88.1555067031133,3,1
114.75360184486934,10,100.0,2,1
135.5072317707446,15,73.32857821250929,0,1
156.60827478163515,27,92.57715214910768,2,0
94.61110576047201,13,100.0,4,1
160.23569705718583,12,72.75767516457934,3,1
178.82142394270926,11,53.17418092364172,2,0
47.663254444744766,14,79.52941350257647,3,0
128.30852363395368,13,66.7888871584969,3,0
161.69472574117907,19,100.0,1,1
185.18202922997898,13,85.52211310749749,1,1
64.33721801048631,18,62.96700887947231,5,0
60.57945241120757,16,57.792607334824325,2,0
173.4873704527604,8,100.0,4,1
163.36431029549337,17,76.4322403887372,4,1
161.27217826556443,18,85.65743199190642,2,1
165.59016942736392,24,99.33704117668721,2,1
119.39888752896792,12,77.73612472103754,3,1
130.45141637224515,12,74.31106756889758,4,0
163.18826129844066,18,84.7514738526622,1,1
117.85418618881346,15,95.24986767274137,2,1
233.95985300151403,19,93.86116503265488,1,1
171.32248144103045,18,81.69829403117757,6,1
96.39134262588081,22,85.95473592244777,2,1
179.54491238852233,12,79.42331482714768,2,1
106.13932483977054,11,62.83581389620833,1,1
185.41880716841035,18,88.86401286097194,4,1
202.1368010553332,23,100.0,2,1
113.06929567417302,14,71.74421288963406,3,1
163.3519258159945,14,63.404554355959455,1,0
138.57514171214243,19,61.93908342534388,4,0
186.99270719975203,14,95.86887668084684,4,1
205.35568421942764,17,81.7272818129466,0,0
138.95753477987083,7,82.62193461375315,8,1
86.08187260391297,11,61.22971407541553,3,0
109.97185066685145,16,86.38565187459886,2,1
113.28853717655528,10,61.53066808996294,3,1
146.5304230763653,17,87.15139850286239,0,1
135.35183886674898,12,88.07286579131902,2,0
162.45108596985085,16,66.23201295049483,2,1
187.22324620662107,21,62.012225847555044,1,1
150.58508513450582,17,100.0,3,1
185.40903347207927,15,65.82360540743123,2,0
108.09044250429197,13,92.03921768915733,2,0
272.40761249653286,16,82.69003502203252,2,1
148.15503064942527,18,72.57067774588009,3,0
111.42790996126729,8,91.57619049244968,3,1
101.80983758724994,12,71.74001714880339,3,1
141.71125868594333,17,76.98745715243469,1,0
139.94417466033673,7,79.2776587776386,2,1
152.13002223414415,23,55.19259834892453,3,0
171.2956931058095,17,90.06223112089599,0,1
146.72269893044074,11,81.05038289683125,3,1
111.89428268692177,18,82.64462757332939,1,1
81.83187488913609,12,66.84758584878763,1,1
129.90682715698404,8,100.0,0,1
188.53794574455625,9,98.15071279579175,2,1
159.63421848585918,18,99.46233826257968,3,1
93.94175495796054,14,80.41832946337477,2,1
157.79314166330317,14,59.0622566574487,4,1
137.33928208779764,11,100.0,1,0
80.22641537094901,12,74.08353737991197,2,0
156.91762976754876,16,73.7680030596992,1,1
152.61939233007,12,91.2520236172467,2,1
98.56633659762196,16,100.0,4,1
166.10043121567276,17,84.654241658718,0,1
145.23530368657055,12,94.17862751909061,3,0
168.73730594288747,17,91.24499907775302,1,0
167.42109234157064,13,58.85428218896912,2,0
88.00487844193091,16,74.89314841510786,1,1
107.79787320381948,23,99.36305744919652,2,1
173.17658702438968,11,44.31081154284343,3,1
143.1203677910494,17,72.75816460252517,3,0
173.17714588377214,14,63.53753197562992,1,1
323.37291707946247,16,77.85169297849713,1,1
175.69007298119251,14,80.51769866456193,3,1
201.10045380812696,11,79.62633433138738,5,1
192.9300793571941,29,76.71608121831088,1,1
179.3126063087609,9,68.54284525556778,3,1
105.81288399118445,21,100.0,1,0
154.15361492219705,12,100.0,1,0
85.22286534580927,18,57.56901269615575,2,0
139.3431626966996,16,100.0,0,1
128.15864034769035,17,79.0080176429072,2,1
123.68433627238451,18,76.93781209997566,2,0
254.1596355003079,18,84.05089060154626,1,1
65.97306633337134,12,75.10377038119051,4,1
180.8817085668531,12,99.7577851540922,5,1
77.42778579646567,7,86.88829795864987,2,1
128.7630660394755,18,77.85172865171138,1,1
199.00277686353147,17,65.43115834299292,2,1
152.89260085929584,22,71.5960747942132,3,1
101.50148499318122,11,60.37929826596854,0,1
117.81133308330143,18,85.18335322622754,1,1
150.5818987020604,15,57.05001611573407,5,0
117.13350157272885,16,81.01659231222189,3,1
159.74063653118887,12,100.0,0,1
152.05073279567162,21,100.0,4,1
120.67798435773824,19,84.51584658846073,2,1
246.47748401963966,16,83.69372910785275,2,1
178.52635600431051,17,100.0,1,1
28.868583600407675,14,82.81134180538066,4,0
158.39044416462426,22,80.08290310185215,1,1
90.21960908542255,19,53.60972824319322,1,0
158.35950006583008,14,80.90809827247115,3,0
114.33656677052846,13,97.43985658874294,2,1
114.83686013398955,7,65.52522713229534,2,0
172.72442755412058,22,89.36804132707049,1,1
188.95898373765547,18,79.54640057627456,2,1
95.98666168249008,17,82.23951401201496,2,1
104.94744438715732,10,37.68266913656503,1,0
128.62746099775697,8,81.67327894425797,2,1
120.60018453418297,19,99.54053953612082,1,1
229.44544081264937,9,75.52896166650163,3,1
168.224176993243,13,85.78789552322975,0,1
63.26022205492297,15,63.66073939962119,1,0
191.30378761746493,13,90.4066251443916,2,1
245.4970288655685,13,81.7521520369574,3,1
166.4609367248016,24,60.9113768897699,3,0
81.6283515320694,13,100.0,0,1
128.20946672101869,9,98.93398020298322,1,1
177.01100171339803,16,65.92639854107738,2,0
118.15487404715486,17,92.46682464126665,0,1
139.97187426658027,14,83.06118004230571,2,0
184.85853240432016,10,94.63451852516764,3,1
108.28812877898628,11,59.58616156007383,2,1
147.321358977219,12,100.0,4,1
40.0,10,76.45451555611403,2,1
73.90255613995696,18,69.632580998381,2,0
108.63443318730779,15,100.0,0,0
63.84975681158177,8,79.52810071081518,0,0
223.4585086769236,11,79.20516286829236,2,1
85.64363799177153,12,51.92058440866141,1,1
130.19799809863574,9,100.0,1,1
125.88332597787411,15,54.82185493787097,3,0
214.8572980079752,12,69.94841644750744,2,1
85.38620319692522,14,80.02971551368226,4,1
202.3423688469732,16,100.0,3,1
150.46048774588144,14,96.59859979998639,2,1
75.83211070284221,15,72.6324373523961,1,0
140.79465634184717,17,79.62438095458232,1,0
158.95768630080616,15,75.99421460693341,2,1
122.99024052785424,20,87.09480534348026,5,1
123.14109382455085,15,76.10005117167205,4,0
102.6608881412208,16,89.5315484352203,1,0
155.10828053630615,13,99.50767183658424,0,1
179.7958803534471,17,92.40966073308468,0,1
191.37075672654083,14,69.56478663680846,5,0
94.2983025527918,11,96.12733441585189,4,1
245.98650185953198,14,83.6204730069543,2,1
62.15604902148742,19,68.771284469303,2,1
143.16967072339875,15,78.95068312133591,4,1
146.47427429180595,16,76.26790475676486,3,0
162.64463404807645,12,98.65323675497118,6,1
121.97852160807328,18,82.2470774176427,0,1
140.6344987339226,20,66.8620193314059,3,1
127.81495794035253,13,85.8511252494523,1,1
123.47858593751047,14,86.70184060084829,1,1
188.23209436594612,15,87.78756443354129,1,1
166.06569686842712,14,98.79807273931645,5,1
88.81906821327055,21,90.28384860134848,6,0
160.48199439449627,14,66.086836914275,1,0
163.82847843944742,26,75.75784812926585,2,1
186.5787953477532,17,69.3970193356679,0,1
178.33329788656255,13,95.48223505420714,0,1
112.69522450850675,16,100.0,4,1
124.79185319113637,11,80.27377108136615,2,1
183.62821223054678,13,81.3785415291251,1,1
177.46666194450592,13,100.0,2,1
149.05942827161334,18,92.58336779822511,0,1
155.2797322488952,17,91.54353557201583,0,1
207.49492031047913,11,67.13625241039409,2,1
123.37928750238765,15,95.18092103919129,2,1
174.6193821526517,15,71.06295489235363,0,1
140.90133064047478,18,67.98969721097563,2,1
110.20434585477508,18,69.79842634849932,1,0
169.44495833942355,19,66.21310914826965,3,0
187.14373570446133,10,81.67600458422442,4,1
186.60793362002875,16,63.38527548212622,4,1
208.7465463219448,11,99.38224459701509,2,1
120.94517287347416,21,91.91529441774644,4,0
180.68788370827338,16,55.789862887887786,4,1
136.03799595329448,21,99.67686708499825,2,1
164.5874858619799,16,72.84207055267561,2,1
114.14356255345419,15,87.8546330547418,0,0
154.3648184246723,12,83.97330261000377,4,1
176.78206614466112,13,85.43163346121497,3,1
83.18006925449373,11,72.22353525868172,2,0
244.1574274058457,21,100.0,3,1
104.72921783251341,11,66.40617981212458,3,1
95.36151242455205,17,94.11760508102513,2,1
202.11498930750304,19,100.0,6,1
185.6248212283321,19,95.74510120810616,1,1
178.08539176734698,17,100.0,2,1
178.2755479168926,23,77.06579855912952,2,1
119.44889522188885,13,89.35957233890296,2,0
79.62355328313758,11,73.40864046987869,3,0
153.4112051187177,11,100.0,2,1
89.52772298195498,12,74.88466506417946,3,0
193.8803880037988,18,79.18186327206296,1,1
143.38241783240375,9,100.0,1,1
112.85262614433698,13,77.62657091471605,0,1
135.53763712561528,12,63.80911361649166,6,1
168.5819154424031,13,77.24729675239257,2,1
124.63239512382114,21,94.28549419882799,6,1
83.00008219951059,12,95.88058127380637,2,0
130.96592451713605,8,76.66694062944768,1,0
161.02349569989252,12,100.0,1,1
97.18755710829916,14,54.6273761778361,0,0
128.80327624717546,19,78.35104802773145,2,1
160.44224718109362,13,80.67137324268849,2,1
84.83620463262041,12,83.2816085879122,5,1
56.66413015305501,18,76.26141582375294,1,0
117.67001004364039,18,95.3636643608829,1,1
110.39487817296687,19,68.32789742744265,2,0
163.9908404519102,16,87.08543030429688,2,1
186.39102976272983,20,74.32315664513922,2,0
188.59468304409086,18,71.11165144163274,0,1
112.80276615164578,17,73.29499966377847,3,0
119.144270644379,12,72.84510705154322,3,0
104.8861785912986,13,82.5237915249543,3,1
119.16690888034245,16,75.47639184872176,1,0
137.01036124859377,14,86.1351031092008,3,1
134.522335215214,17,68.51557231339005,1,0
112.77460754014547,23,100.0,2,1
173.37059314085275,15,67.45779056195475,2,1
188.97325108511598,17,64.18544837295156,1,0
145.1057933194414,12,100.0,5,1
168.07702749445235,17,69.43012967516155,1,1
151.05647962700007,11,54.693679879353624,2,0
101.94507876513737,14,86.01715117501827,1,0
160.08416168146874,19,53.84320219339189,4,1
150.56665803518075,16,81.47089135041341,2,1
154.39542443469742,19,100.0,1,1
115.214559726504,25,61.82596116769899,1,1
151.10295784165243,15,55.2705327139193,1,1
142.40992310604523,10,52.512281970634525,3,0
215.3014623507769,16,98.47539352520478,1,1
193.1671871738343,13,100.0,1,1
246.89321058802005,17,77.31116804532238,3,1
115.46935967003778,11,95.24818606001604,3,1
189.25442865243053,12,100.0,2,1
158.25039025822582,21,100.0,0,1
248.54113199479525,20,81.30497078230228,1,1
83.62657715901818,13,40.477924234950194,2,0
82.21251710186507,8,62.6868161638547,1,0
123.02733095501901,8,78.59793707597113,0,1
54.424692406058696,12,81.11591805132414,0,1
96.34102402436575,12,72.1821089848692,0,0
115.8390302300836,11,100.0,2,1
156.76772039142935,26,100.0,0,1
135.37901890997216,12,72.42489519112824,0,0
204.42768776471488,13,91.47727314077727,5,0
192.76907271837226,12,90.36492049946634,3,1
124.03933549519186,12,85.96758959293858,1,1
109.5713397893239,17,98.59816235664945,0,1
172.13636271779276,10,86.08378072356874,2,1
90.5895056840711,20,100.0,0,1
202.41564446344591,8,53.42383249808161,1,0
203.0748054324579,13,77.27243651361974,1,1
128.88709565528828,19,83.10221654569075,2,1
72.90894619091051,16,91.59179035686986,2,1
180.92425683744358,10,94.01940730654633,3,0
114.8457069636322,12,74.63402149145764,2,0
205.7017340388058,8,63.66655525740689,2,1
78.25075535425349,13,97.63770844682506,2,1
123.02812396708022,7,96.32438149212946,0,1
150.23596648731825,14,55.87212010930891,2,1
152.11412671941338,16,84.942937994938,0,1
129.74705378343404,13,61.14787253979553,0,1
178.02824695563743,21,75.03023353746906,4,1
101.95708067778325,11,71.457866095558,2,1
143.5929231740418,18,97.13897047362978,3,1
125.41330342703544,15,76.75245261258276,4,0
143.14974753264372,13,55.71613498865959,4,0
182.02266951400003,14,98.20098944436013,1,1
99.39110586729589,14,63.49291264107379,3,1
80.964862316897,10,89.95170685706415,1,1
207.4954569854329,24,72.78983996062667,3,1
164.95413053908163,16,79.5148437620422,1,1
116.31810585495509,15,92.56406122057577,2,1
219.80183889851355,12,92.82174098589293,3,1
125.20535854317865,13,95.0545361033394,1,0
203.0683732828722,10,83.76619450492821,4,1
153.0383316634549,11,89.5967629444501,2,1
242.7336566196894,11,78.43394016393513,0,1
228.9903379099442,19,87.72984823934196,1,1
108.7966133184417,16,81.59229072012768,0,0
193.720692792946,13,83.52535228818437,1,1
179.04191773133164,13,57.943742738612556,4,1
211.58842008895567,16,89.97206344496342,2,1
106.5784442738953,19,90.46842216033185,2,1
180.87231569992977,17,74.79739785478074,1,1
197.62910190823146,12,65.73419445891228,1,1
40.85672311095986,19,97.13818725755948,4,0
96.75336693004013,18,92.37168266341602,4,1
58.234552000795475,14,81.56378453617435,1,1
137.8766924499949,9,67.94450675278769,4,1
182.2894015108183,22,72.67277757367981,0,1
217.60606734432127,12,100.0,2,1
153.3342651188899,12,87.0649291130207,0,1
193.2876995507081,15,66.7411939949894,2,0
87.89543438032989,18,92.64533846836984,1,1
43.347790229018045,15,62.784027188305146,3,0
117.50035354965216,18,97.51264545420568,3,0
167.28294520226882,19,100.0,0,1
118.52873633576581,13,68.00138893195835,2,0
56.96510549820556,16,75.56994629453709,0,1
145.98959822192452,15,45.7280020196158,2,1
91.2988724772816,6,62.77628842672948,1,1
180.13526469735172,16,64.90795337563365,3,1
166.49692107435817,19,87.02785511481079,2,1
107.70540961526902,12,80.10649443337961,1,1
126.87598871984879,18,64.81996768877138,2,1
72.33539151499718,16,70.78253936303165,3,0
147.17944062270726,11,92.58005721471022,3,1
192.98140442255573,19,92.9175902487338,0,1
105.64232791490053,18,56.50494578711678,1,1
172.682093198303,18,83.07604779274254,4,1
126.13840717324017,17,64.24988834542584,3,1
114.32072254819451,22,98.52593045710411,1,1
145.18363380204488,8,96.76219624530248,0,1
103.41409549112817,19,71.52959160513312,4,1
95.0857812593768,18,63.509321963994005,1,0
96.09549483350182,13,78.08099424252539,3,1
208.4126309812375,22,41.208099079029914,1,0
151.58685983872778,16,90.03952260160865,2,1
118.51235214033365,13,80.90733180489804,4,1
129.62909598304,18,89.55262623851789,1,0
144.94523776391264,17,68.5238617305617,4,1
140.05636802100497,13,75.71315577625103,2,1
177.63750150195415,14,62.402121129413274,3,1
154.08784695212873,13,59.9356415475862,4,0
126.12744835752626,22,67.27027005897672,5,1
124.0881791709894,7,99.93960518269668,1,1
137.62267362817602,10,74.52607226872911,2,1
46.41354758689869,14,86.8626352711692,3,1
81.81640220106515,12,79.28854894207294,0,1
211.5093420350036,17,65.95802100980781,1,1
224.02354710755776,18,82.47549365242536,2,1
108.79337821996297,18,83.98654997795393,0,0
145.94506333750948,17,56.883609111849715,2,0
134.00625695445913,14,87.13669186097069,4,0
288.5496363804857,13,72.25418617783455,3,1
200.38087101455596,12,77.75524110890738,2,1
144.24370838336552,11,92.96024684515072,4,1
107.00068017298085,14,75.04845764170769,3,1
77.70991558840923,10,85.56362289003799,0,1
159.15586361402504,15,80.27963756817861,2,1
85.96421646220635,15,76.94052010055728,5,0
55.998583068104665,16,39.28891341714754,1,0
120.9042202090863,10,57.55477277187876,2,1
101.33033983735223,15,94.23950509070258,2,1
225.92137357826542,13,100.0,2,1
189.6737890627253,19,71.34269944702717,1,1
149.6412311407522,14,81.33957471743298,2,1
216.59748625005116,19,89.42078879353453,0,1
153.48157384414282,16,95.39826402488056,0,1
81.24221094022813,11,44.58484092493727,0,0
218.5405834771346,16,71.70939629532434,2,1
174.25095196580963,15,80.01130930225187,5,1
103.32392305530946,11,95.54710295854073,3,1
111.43475948623762,14,100.0,4,0
110.59717859768593,6,81.57991409785423,1,1
87.77401210660489,17,63.89533806844017,2,1
191.67798963892386,11,91.03402115801947,3,1
205.92374882115587,12,94.81493684311064,2,0
57.06445917813865,13,76.62021181469251,3,0
175.3336156510757,19,71.40027182268561,5,1
120.72108438951778,13,99.36990912220028,3,1
98.07935773058868,19,84.95318427747652,1,0
123.34227340925088,11,69.60878733706564,2,1
81.12041536440827,15,80.72138426301512,1,0
152.18347325751722,19,99.95898351488309,2,1
112.6072447615033,14,100.0,1,1
162.17055716009276,19,84.00326537035816,2,1
147.73928507478882,14,79.62880830731022,1,1
139.24733789101157,22,100.0,3,1
109.1596352081281,22,66.84759245528673,3,1
124.04529012442502,15,91.57868936381509,3,1
183.992605162159,15,64.44960058953356,0,1
172.54127344309714,10,100.0,0,1
106.01001398406521,18,81.12931726583258,1,1
124.46995374431516,14,94.02874853471204,1,0
153.8124205517305,17,82.3711913453329,4,0
74.87676234953827,13,66.65169654907105,1,1
174.45120865709708,14,100.0,2,1
90.1819308474369,19,98.26867899641594,1,0
175.67694008669218,13,98.23429738898824,2,1
115.65333795558675,9,73.5761820244567,0,1
68.78030547009665,14,80.40979068463886,4,1
46.760590295257686,17,77.18140826108639,2,0
152.16382259976217,14,74.4443440100285,0,1
161.6875125774667,11,100.0,2,1
109.3057518703016,16,87.16489707589055,3,1
148.73666064498184,15,34.44977929338964,2,0
75.2315971978968,24,90.09033719134331,2,1
147.02640906087075,21,79.77763904774031,2,1
95.50427101068945,16,83.87610165822328,0,1
120.66737514890283,18,79.4707095132145,0,1
152.13294020923863,17,97.1056962491003,1,1
111.28139856222214,15,100.0,3,1
102.69500050965786,14,79.2457974338798,4,0
195.28317641464983,21,79.91033219292761,2,1
94.0398658714583,20,74.37994192786245,2,0
157.6061450429314,15,75.29399424866442,2,0
99.16319154040718,16,72.96354940202744,0,1
173.84118800618774,26,93.68392972856853,0,1
214.8705879296055,18,91.900634857907,0,1
40.0,17,100.0,0,1
114.13971350382855,23,100.0,1,1
145.9682457231243,19,64.71487623614804,2,0
110.86295762806533,16,87.30447561763447,3,0
136.7015643017089,17,60.73569925358292,6,0
122.82066659778808,23,95.43898151411274,3,1
123.8965404362805,16,67.25078701859839,2,0
142.99452440735644,13,69.65120164936624,2,1
202.55019277469134,14,89.20068014046106,0,1
131.4489379485546,11,34.881493077687885,1,0
135.1921197933841,8,48.73536638392158,2,0
131.46553652448898,9,82.33762174338575,1,1
128.0577199167378,17,86.23662649952264,1,1
130.53488154811706,10,79.46021844762717,0,1
167.75034640702336,28,61.30845551923602,0,1
131.05569836308817,12,72.73162236792243,3,1
163.0398685603386,22,90.8681399085609,1,1
243.39303593904475,6,93.72672655942544,1,1
189.20061165442615,16,84.75665323606088,4,1
135.32894105244714,13,100.0,3,1
204.0546264973775,16,90.96095535188851,2,1
131.6366082140302,12,73.78816519062681,5,1
58.28439591699657,13,80.79246919882574,2,1
74.63611600871681,11,53.95700764188218,1,0
65.8143635538365,9,83.37791514412875,4,1
134.1818932181411,13,100.0,4,1
150.82882706352984,8,95.27935127066452,4,1
195.4396790523877,18,96.03013988878683,3,0
164.71173181938732,15,80.4567213430151,1,1
110.14047620360111,13,95.19149691771386,3,0
157.32325115325702,15,72.10043660328046,0,0
20.498911094645166,16,97.0737762385484,0,0
160.60265511488547,18,84.67214878836815,4,1
184.6889337249135,10,95.60847060706415,5,1
83.46361893990714,13,100.0,2,1
201.4689319443118,17,82.09858557128192,1,1
165.23233833724862,17,88.27583481316262,1,1
131.31204387446394,17,100.0,1,1
148.47518397478282,12,73.00495254104905,3,0
252.18117860119781,14,65.18661576240758,0,1
158.18398147763227,17,100.0,2,1
161.16992638351513,17,77.95353303494295,0,1
129.328759520689,14,87.38134076406314,2,1
111.75700337408438,18,100.0,0,1
157.36511174449106,17,65.87259144403197,5,0
111.47622783410097,17,69.88198130166805,2,1
123.22048067487266,20,78.8060594516225,2,0
98.50541489556974,15,48.10385403131416,7,0
171.55409215858762,14,80.6814088469812,1,1
165.01479473791267,13,88.67557996473109,3,1
166.68929749160546,20,70.95072154762254,0,0
127.04926205153639,22,61.84823585221379,1,1
137.8556279117983,19,100.0,2,1
105.95563278979617,18,86.55307230923763,1,1
130.006803296575,19,100.0,2,1
166.97852218701834,12,81.09945624729333,0,1
184.06448774904084,18,71.79982027463853,1,1
108.50256041200686,20,89.0377138038274,0,1
189.13226640475472,13,81.76319310507671,4,1
211.0037036462228,16,67.33357813012964,2,1
168.60457064506653,17,100.0,1,1
204.45581156511298,14,65.66594665659005,0,0
85.17948604033921,18,47.396004228066474,8,0
63.990538350986235,17,94.92249080936,1,0
69.95758879930746,16,77.43552976281065,3,1
217.32199401701325,11,75.88264161076563,2,1
179.4464545359326,10,58.519186194550386,1,1
147.49868980902954,20,100.0,1,1
162.5985881843919,18,65.65779119185468,4,1
99.35299287157306,15,85.87674221058475,1,1
260.0588390827572,13,98.68930483810661,1,1
125.81495318888524,12,81.32575399504645,2,0
124.92276575722018,16,74.10518532011713,2,0
182.65949807544115,15,59.47501212568876,0,1
171.6454154281521,12,72.85412746349074,2,1
160.0747810925609,25,87.81700507063783,1,1
84.42864950496096,21,63.19238895019505,3,0
141.2160760711198,16,78.05039189998152,1,0
234.6911023413765,8,95.22615113222713,2,1
210.543902076974,16,99.43754328700152,6,1
221.69339819877285,21,66.60730963280974,3,1
126.99529456059668,10,100.0,0,1
105.46778308836386,12,96.51219016831196,2,1
144.33958859551583,19,84.97428769496405,4,1
152.50762105299125,12,100.0,0,1
199.2386183311927,12,100.0,3,1
73.83909166283313,17,63.41919848414696,2,1
218.82976437572762,16,81.62106036262969,3,1
142.88964456394547,18,49.323525101900074,2,1
100.7903518523661,17,77.88977298972037,3,0
104.45530311329247,13,90.48091362887712,1,1
75.53144976604038,9,84.41256826835861,3,1
157.04267627828614,22,65.18199643502535,1,0
153.29930852347817,9,54.25728225717512,5,1
61.951759511652575,9,80.60300525117653,0,0
91.72145525713728,18,100.0,6,1
134.88968853194422,12,76.13472316399852,3,1
195.1059686380227,15,81.60089893534717,2,0
138.31838918863778,24,61.47783529869924,3,1
82.35856710968523,15,91.85819595538771,1,1
138.9415621161325,15,79.09926553383015,3,1
137.7274393613548,16,73.56373074095629,1,1
40.0,12,73.59454538175804,2,1
147.55673100669844,13,79.09582626950485,2,1
139.6079461406095,14,90.73649973538804,1,1
151.32928641660382,16,55.31755198206723,2,0
233.20302427254052,13,79.0432700264822,2,1
170.69542632964908,14,74.37792333001279,2,0
137.90000892503264,17,68.5144116320221,5,1
100.20633410662484,10,100.0,1,1
235.8011911462437,10,62.19756779907988,0,0
152.66482953065196,17,74.95844629549764,4,1
120.62681813608258,15,60.32538075266253,4,0
148.91437108004985,16,100.0,3,1
158.91381423455348,14,93.29357842899222,4,1
143.50378146342257,20,70.95111990634537,2,1
124.18520969038937,9,100.0,0,1
125.39134764418236,16,88.01048041433317,0,1
148.5261028402801,8,88.85880131667253,3,1
125.54588529898058,9,79.83284186871322,4,1
117.9219397795276,15,73.75876019564541,2,1
154.78936024613535,17,90.06649148581901,0,1
138.5260252160615,13,76.82369155006614,0,1
217.679684486221,16,100.0,1,1
40.0,13,65.96063342135344,1,1
199.1178083365108,15,100.0,2,1
206.0738336623933,17,83.330217268033,0,1
26.697439541633273,13,79.48628601031659,0,0
134.57905826638432,17,97.49736649944151,1,1
133.28516103018939,17,75.54626057493346,2,1
86.66197373769805,18,97.96372577047954,1,1
114.99824905841061,14,44.38684216928234,4,1
100.0240869540377,12,74.20015700167092,2,1
228.85216995406302,13,71.13905788988401,3,1
192.10552769163576,13,66.19740981442358,2,1
207.21997927473714,10,81.77567742881573,3,1
152.47524288194558,13,80.78624952272543,0,0
99.19267029522469,14,95.53989997748958,4,1
126.39658801741018,17,88.61315135800612,2,1
172.0218552552563,17,75.0145980265968,2,1
65.00424859986245,10,80.53524656737751,1,0
152.08492935775746,16,76.86428542276276,2,0
109.18535708288393,14,89.04084251904024,1,0
103.1330636602681,10,86.65405054397274,1,0
181.99319856915713,11,85.45714620880943,0,1
169.99184901687178,16,71.54120490758115,3,1
133.7565225381414,20,75.20574766251879,5,1
202.16984115139115,13,76.7531596054295,2,1
101.35215025800463,15,80.27100499125616,1,1
177.71710231249187,14,89.0207564138463,0,1
176.68955660857728,10,95.72761585192087,1,1
136.07041023087044,14,84.23321960476933,2,1
164.6759860008953,18,85.2418718185071,0,1
93.69988906266137,19,87.14959457500005,2,1
161.58121586431054,15,67.2614203030149,1,0
141.6794038600655,10,71.11911613535565,1,1
126.47746407664323,27,58.668431540339355,5,1
197.20541516266002,18,74.57275962884691,0,1
118.30453392557584,14,92.09718179901681,2,1
86.61924166363981,17,74.45632842940648,0,1
49.95168719142433,12,71.4328944386109,0,0
177.27044781055378,14,91.99646931118475,0,1
62.38067913766726,14,82.81034244634003,3,0
228.96573818929642,16,68.80700721750941,4,1
56.3131766452325,14,99.95589034680462,4,1
196.34053657305174,14,91.91025134033228,1,0
159.49578602411782,16,68.0522521417216,2,1
115.64790996583234,19,62.64244695538269,2,0
95.47864109359726,19,92.86636024719287,1,0
167.9611251458432,19,82.79719718117049,3,1
118.30643839088182,15,41.70333078822224,3,0
199.64858469074346,11,64.0047774290097,2,1
125.14024418979179,16,71.25945562241279,1,0
126.76357926578449,18,57.554360245730976,3,0
133.6374504503765,11,78.79864344045338,0,1
147.43744693255195,8,85.48594320525368,3,1
133.85107960014267,10,96.93381906052093,2,0
73.04242233045186,11,80.64319125658317,1,1
89.3316560052429,15,100.0,3,1
183.44688423102218,14,100.0,3,1
127.68894471575739,10,96.51464504028114,2,0
141.72074986412946,7,89.27131890078353,3,1
150.8295269879427,16,55.55066278241539,2,1
135.6411767412752,20,81.91237298105798,1,0
125.71081438607874,25,100.0,3,1
114.97628735689594,9,83.78399341846874,1,1
158.81303647939566,11,100.0,2,1
105.97322500732355,17,97.89750342201187,2,1
168.37137400715125,23,93.52410065729177,4,1
73.38373780929719,12,100.0,1,1
196.31200367965397,11,90.00054776891317,1,1
171.26688670858692,10,47.6078425090697,2,1
161.5213380441244,12,77.51291572794452,3,1
194.22109427754813,23,100.0,1,1
224.94635000081595,14,72.88612989852555,1,1
195.64665292581589,8,81.64791242144591,2,1
37.160659590075966,17,59.32745529145393,1,0
92.41903649689343,14,100.0,2,1
121.88316400369445,14,100.0,2,1
151.17409725948752,13,71.74196657288905,1,1
173.29465592111055,16,87.20947000583627,1,1
117.34152840809405,13,74.79258928353929,2,1
128.40450440146853,12,84.22416958547068,1,0
116.00776804410049,11,92.64524615863493,2,1
92.48169886536233,17,87.17558357419898,2,0
86.70025064183,15,89.97877671561831,3,1
108.4545039250093,8,100.0,3,1
59.17419274726499,13,59.581143524838915,2,0
106.08570361602003,11,59.34094968345229,4,1
197.41388084735277,11,79.10364698947808,4,1
107.27705000256256,13,61.48017601659599,1,1
268.4571929176826,14,62.61306594991011,3,1
142.19930553964002,20,59.980280187030495,1,0
128.31762556626933,17,61.16716641852559,0,0
111.37389989184538,14,70.6807284707491,3,1
181.51394457340461,14,92.77328425668118,3,1
124.09629781930018,17,77.40716408371996,0,1
125.49044165904127,10,72.3072813769128,0,0
265.20380422209575,23,98.41349161751403,4,1
145.67730451239078,11,73.50516212827861,1,1
201.7172996828554,17,81.03181151942917,4,1
88.35706086933507,14,80.48639979139374,2,0
148.42551792763672,16,55.87648299069668,2,1
199.68602860359795,10,39.22641736574126,3,0
91.78648239955047,16,80.19175993196583,2,0
231.56018510986178,11,92.38021420850347,2,1
181.8488370954964,18,100.0,0,1
124.68899508475795,12,87.37142313800214,3,1
178.45834825749844,16,97.29609575887142,2,1
193.76495023320285,18,82.0679103462104,2,1
177.98144829977383,15,89.4584083237763,1,1
79.33988760492946,12,100.0,1,1
117.27882708788091,16,53.14010772811547,1,1
108.86166140018229,12,81.20424386357521,3,0
116.65049569049792,15,100.0,1,0
177.9302443897805,18,89.23051328814014,4,1
157.99654504199643,11,100.0,2,1
59.90950385804544,9,65.56181775705836,1,0
167.10890329526833,16,84.5192875875443,1,1
177.47635853777206,15,85.50287053582882,3,1
175.1905701568968,11,51.73613380961844,2,1
168.635132649958,20,57.477332582247,0,0
187.5264969547007,21,68.54687380924021,3,1
170.66310356527964,19,97.3309911704879,1,1
146.84254298436088,16,98.08229658526082,0,1
45.25675799178039,12,79.860546640598,6,0
139.33281986096637,12,87.36154345283559,1,0
159.34594592234,16,82.5377588091734,4,1
162.22104767379182,14,100.0,3,1
92.54631408808608,8,85.13182663948108,3,1
101.35245568162819,11,85.86796071140135,3,1
197.39187839998067,11,81.01611050106384,3,1
118.22001807645053,14,85.26675716454642,1,0
180.6675313817681,17,78.6820177508063,0,1
121.27432692587075,22,89.64647065797102,1,0
151.33902627730853,14,68.0177628892599,1,1
192.2227712689199,17,68.51625617907709,0,1
126.77798723021817,18,95.31140132689757,1,1
124.32543496234425,20,73.67183678125481,3,0
99.1976120082731,12,68.19162875770307,0,0
130.4476697655458,12,98.3508659871319,0,1
136.08725444391123,15,75.89107878870874,2,1
159.99601972351707,12,81.99698118549445,1,1
128.45631202514352,18,100.0,4,1
206.50902565080844,14,100.0,0,1
109.74267140012233,22,100.0,2,1
111.59077601273884,18,70.76811334599134,4,0
130.21210237766212,14,100.0,2,1
215.114004795918,17,70.76570758346983,4,1
158.84496494302087,16,71.39645687916908,1,1
196.43300427608858,15,49.74316221063459,2,1
53.14978321333626,14,100.0,0,0
132.01726196411664,18,62.04030226385883,2,0
160.03338580305467,14,73.1020113037941,2,0
153.7027795173941,11,71.34513487107574,4,1
197.9466168779408,21,95.42747872495211,1,1
126.72201974548325,20,79.3654950892399,5,1
183.4206348083511,24,55.427746643505756,1,0
223.45041556286628,13,81.62493846279091,0,0
103.67226478021534,15,53.49404962784657,3,0
129.95238653696526,12,72.43891412026764,1,1
185.40230147029655,13,43.39666328060879,3,0
191.08074655788204,10,53.6406283170359,4,0
126.47129877810292,23,87.67793754580717,0,1
131.09159323068644,13,55.53195942845613,1,1
137.31969260127718,17,62.78281413067427,2,1
59.49972700345754,10,74.96446625800787,1,0
108.66066240821108,13,76.84589655860421,4,1
104.81366549615694,23,100.0,1,1
85.44910957031422,20,100.0,4,0
118.43918006759485,17,61.9811630587327,0,0
160.53966296414345,17,93.35706427605223,0,1
219.77252217663346,20,96.23923835319177,2,1
75.07406816675442,15,66.03781712963395,4,0
194.29450793144628,14,62.56687695252694,4,1
140.3705020098521,19,84.81552326037914,1,1
117.77413306564051,11,72.40731487778834,3,0
180.36687714749718,15,78.46353254544071,1,1
99.47750902969656,14,91.63475302246728,1,1
167.20843857828228,19,73.73905589491602,1,1
157.49034936958753,17,67.72003678631285,2,1
142.1603068803667,13,76.63624455524747,3,0
133.01258897585183,18,80.78955138853314,3,0
260.48850629599025,14,67.3503258414992,0,1
121.30170070869079,17,98.92135916486622,0,1
126.1051370249182,12,58.44278293335883,0,1
121.95867631088561,23,76.32829811926536,1,1
125.00352963778855,18,81.12987195703586,2,1
121.31757927120671,10,75.45664431022105,3,1
203.50574389983984,13,76.52409289673211,2,1
213.92269115954346,13,100.0,3,1
124.31641678127357,14,72.23673866441652,3,1
82.5439992103097,15,100.0,4,0
171.21370003738818,12,91.55690169596578,2,1
125.14996300735629,17,86.38082705967987,1,1
148.48193179899798,14,82.14360530081498,2,0
159.13153593830847,19,100.0,2,1
81.79151482512457,19,70.09610494102827,2,1
219.6377340598528,14,68.19373121595416,1,1
200.81449528929846,12,63.677007051421185,1,0
122.42450892820261,15,85.48214720446842,0,1
102.55342980288071,14,49.113433127811405,0,0
162.86394258262072,13,85.33508858977912,2,1
135.05055554941612,11,100.0,1,0
179.63449227027738,11,87.27111085937166,7,1
240.45920424448573,21,80.60971811537084,1,1
142.0373747627678,18,75.72759326974558,1,1
114.07662399576958,10,98.47767556827347,1,1
87.93063473934627,14,72.6125084014293,2,1
87.10814820261365,15,100.0,4,0
118.50928622067913,13,100.0,2,0
200.75510385830046,18,78.85126197992682,1,0
96.70749154337229,12,74.82727367885032,1,0
160.07045782375044,11,100.0,1,1
149.26096967672618,14,100.0,0,1
173.4776973051638,13,62.91012403410877,4,0
263.711959164313,17,77.10167300294947,1,1
126.11090521858557,18,65.16478847975057,3,1
97.97522508668001,20,81.13597407501085,3,0
196.98723946810824,17,94.99941825185336,3,1
180.685117033184,12,64.75111543208091,2,1
233.10182965812152,13,78.17201642775761,2,1
176.27676833966837,12,64.79119123627976,3,1
133.83185591458232,8,71.51800284634243,2,1
146.5794673811539,16,83.26525590339449,0,0
199.89166112623084,14,73.99776899982581,3,1
186.92169815388138,15,80.48761065951552,2,1
172.8273313998284,7,60.59032408079027,4,1
198.00036103151194,12,87.80485314586997,2,1
202.61830157005528,10,84.33590020233027,1,1
212.19715459668873,10,74.06561124950257,3,1
179.1919449415339,21,82.16478553476288,2,1
142.47968638574156,19,87.70442320755167,2,1
156.60211588949954,12,72.77697776635983,0,1
204.29290349287606,11,62.85606183997331,0,1
113.23789480557437,21,100.0,4,1
166.59029889928055,21,75.50090942934591,1,1
132.29975344526878,12,83.54859845219666,2,1
121.29351703206679,13,90.16259602530471,1,0
177.53033381732843,15,100.0,1,0
158.59945806089564,17,66.33270325166701,1,1
152.08964466702668,13,91.74740820589764,2,1
58.80647365590363,17,64.3867157205884,3,0
183.58141047122493,15,76.91814543134933,2,1
179.04678815134838,13,74.19681968489814,1,1
217.3464625487457,13,58.115175482991226,1,0
106.14997942711496,11,74.38062957323008,2,0
159.86176474487726,23,62.88245969427646,1,1
131.22226576698398,18,89.20211349767806,3,0
220.98539758935635,18,85.82504404050061,2,1
145.71170104258715,16,91.3365245935216,1,1
162.55596865966527,16,78.00717082080666,3,1
177.35534293724427,8,79.49194098682378,3,1
158.3974105420361,13,89.31345857750992,4,1
129.91048734522622,13,67.53924051391262,0,1
158.73404968042385,16,79.63014348379997,4,1
198.31342874368974,14,72.1057972918232,2,1
103.80681152650229,11,71.64146784113478,2,1
155.98363533660944,13,53.35242639061538,0,1
118.49456332773721,16,100.0,1,1
203.7770983016179,13,74.70191870269346,4,1
51.45658928473014,11,92.45064082745326,2,0
94.84851687277853,19,91.03188482091439,3,0
166.97453437790344,13,65.7100044022526,2,1
220.4485813155453,13,68.67383146490732,7,1
147.04123825171555,16,100.0,2,1
125.01602129880607,14,100.0,3,1
204.65206812482654,10,74.52722230007844,0,0
84.83937448126902,9,88.86059659626024,2,1
21.053731952096314,10,65.53730395579217,3,0
169.80065025239995,22,91.4852907130051,3,1
127.4075599041325,26,74.24227148916293,3,1
104.04452322911791,18,54.51469353552423,3,1
181.8760401284709,20,65.17666320233424,1,1
130.97103211970395,15,75.3163912177588,2,0
124.61646161684723,11,68.03399146746119,2,1
62.38630205980975,13,73.99083802629698,1,0
159.26057977260652,18,58.88008440850705,1,0
149.25905300813974,16,63.2646911624701,3,0
145.5370861299278,6,97.79747959619787,4,1
203.09866482214497,15,78.71220821460157,1,0
101.84618551532313,14,84.8550336802998,0,1
81.35136730838676,25,98.18445959605977,2,1
118.864136855344,15,92.2091289002102,1,1
117.9486292640026,21,96.69844936877051,2,0
130.95027521952113,13,68.1021110652729,3,0
139.14437739646516,20,78.55547532208737,2,1
165.84249284314336,16,65.48336100412982,0,1
63.68072591143002,14,68.5652892394137,1,0
214.96940718329668,14,99.47154841453668,1,1
146.3031969723344,14,100.0,0,1
200.27831242146573,13,99.40457752130001,4,1
165.4226405869967,11,58.08712200175846,1,1
170.55389486192027,15,100.0,2,1
175.63952761044916,12,57.42222065091894,0,1
170.14688520077917,15,98.47175986183521,4,1
178.92252419403948,24,79.48323210143417,0,1
209.81186385595942,15,95.53799970900783,1,1
158.84345263656616,15,65.01327478158152,2,1
181.90516909148306,12,100.0,3,1
115.96189375707479,10,53.025378808426666,1,0
184.80527469522627,16,64.97317633720233,2,0
119.56234640733287,18,70.02858058346447,4,1
231.0423194809867,13,58.68572720766252,6,1
148.19289222100454,10,86.41791351382703,0,1
85.61512040468783,19,100.0,1,1
155.76469867098552,14,100.0,1,1
89.35267541363037,20,76.45733680629371,2,0
187.82895970449258,20,100.0,0,1
120.63192093139241,11,88.48141956892806,3,1
129.9217455053349,11,92.48324792152319,5,1
64.9706671074511,15,79.86777023309142,1,1
99.64621563379154,11,77.92615388133903,4,0
40.92543030169695,16,93.06218056909643,2,1
78.72437294314246,17,76.32310406685502,2,1
154.21865952649338,22,73.83758550160518,3,0
185.36100713928744,12,84.12354821503767,2,1
169.1455902803234,18,97.39604975995786,4,1
106.48607355918541,13,69.00951742558479,2,1
147.8529889736109,16,84.22686687088523,7,1
149.83788574092443,11,100.0,1,1
97.87358898633558,18,100.0,2,1
187.65292357952177,11,95.23768573333058,3,0
189.4813030759052,16,85.36647760267051,1,1
110.05661217766513,15,79.81496345529035,1,0
151.20986275475389,13,100.0,3,1
159.37722635763987,11,100.0,2,1
58.12193092090692,11,55.7259563067567,1,1
138.87701778657313,14,65.26838039425232,4,1
89.31070884009907,14,94.64166152103972,2,0
104.92709955472881,16,80.84665966346795,1,1
137.35048682013203,15,74.92418816112884,2,1
230.89589370822853,18,66.18758519506594,3,1
178.83792875701545,15,76.67474947683836,1,1
124.29694545977415,22,63.96446074864262,0,1
175.76622516102714,16,100.0,1,1
212.9709946463701,15,84.6634592202914,0,1
191.6085157310746,16,84.13074187355923,1,1
152.68336664640782,15,93.82115012751748,2,1
120.88784500324917,8,99.43517753899854,1,1
181.42004911261154,19,99.18832234831959,4,1
137.70684234397874,11,91.10432915861358,1,0
160.28369490124794,18,65.53731673813715,2,0
178.58273107568863,16,80.53199792564708,0,1
167.2298721893701,5,86.53547483163413,0,0
95.91441547977445,19,67.0891640754057,5,0
209.28273295354467,20,84.92340051959162,0,1
128.891982211158,14,80.98145646637221,0,0
243.38673926813695,14,96.77777623465565,1,1
118.98654818596944,16,58.33478556444698,0,1
228.11837114243622,13,95.72118474833418,1,1
128.90598525581916,13,71.49413913222412,1,0
120.68618983734983,16,95.61186566296571,3,1
128.22513746755553,12,96.65397538532243,1,1
135.58437113125558,14,100.0,1,1
169.08746758808624,18,100.0,3,1
143.52759696159748,13,95.19857493915444,2,0
124.18349982276395,7,100.0,3,1
118.90404334825577,21,79.37068477223919,1,0
246.40216613753387,15,85.48277630555259,0,1
227.739442654532,13,98.09225624767501,0,1
169.63456513533146,16,95.98121427149533,1,1
151.71015651756903,9,80.36400644892609,6,1
155.40140970232176,25,91.07235113212403,0,1
177.60830877286875,16,84.47355299823109,5,1
103.97433456607175,16,72.19100637309916,1,1
138.41805581594946,16,100.0,3,1
74.91371667550848,14,85.82798863795134,3,1
167.96504051723755,16,100.0,2,1
179.12381728662334,13,60.617615947002506,2,1
128.2566091965282,21,76.6483184073495,2,1
220.82940434805147,17,85.48958255036307,2,1
64.84054516489465,11,92.06071646443371,4,0
84.10313039055809,15,90.99204058903277,2,1
130.10033183519874,16,79.65709131271127,1,0
197.11942361754694,13,68.0910431116878,2,1
225.7767461156041,11,67.64587904155793,3,1
129.3502081708977,11,89.83756990434857,3,1
198.5406375044083,14,64.53841009272463,1,1
148.2671188724682,14,77.02183374566008,3,1
142.23177150266312,20,92.51375993628787,3,1
189.76469718690026,15,70.26513591584836,1,1
179.35452952860388,14,100.0,1,1
79.06235293570877,17,100.0,0,1
186.4443157376653,23,51.42870002492549,1,0
212.10411093663532,13,71.0144313522702,2,1
121.84967843207117,11,50.71334133257575,4,1
167.81115900468342,18,73.261129561778,3,1
172.23135838272324,14,96.49582714858599,1,1
161.7303194620758,17,78.79157586587715,3,1
125.2362680769561,19,91.91195865423951,4,1
119.77694844278768,20,62.16498522577383,2,1
148.85006680538498,23,96.96962881872858,3,1
202.7728058666714,13,76.67336158107476,1,1
144.46200695674946,14,75.18254523424358,0,0
133.32235505612522,14,83.60688247910421,1,1
154.72644197917552,12,55.92677218661574,1,0
10.0,13,57.70373502390326,3,0
171.69445651674465,11,89.51691703505139,1,0
41.71287995498551,14,80.98488236252544,4,0
133.69015763685906,16,100.0,4,1
99.61485474182354,10,89.86987353253778,1,1
91.73933359255923,17,87.14485952213825,1,1
202.23720543203336,17,59.1098407199985,1,1
128.95344594096488,15,80.94449954858246,3,1
165.5926746778822,17,84.58923519394384,3,1
147.88857395043672,15,100.0,2,1
171.46683722504048,18,95.30434948148016,2,1
153.45698509771148,14,100.0,4,1
62.26534991151437,14,83.96306558842092,1,0
164.8320068751213,17,64.33045159575781,2,0
127.78095375774095,20,86.75686324224777,2,1
79.9538145603112,8,88.5433546939635,2,1
100.73481775653394,14,60.912666453439776,3,0
187.53419057854398,16,69.23418935110618,2,0
158.25997839510717,12,71.91349509484242,1,0
134.31065395164634,20,100.0,3,1
134.2834033056707,11,53.788892119135326,2,1
135.52642269521778,12,100.0,2,1
213.45365926023783,15,60.94807147560926,4,0
167.1870953504199,11,64.41881219095579,0,1
139.35187412359812,23,92.69913195057697,5,0
196.3627554314329,11,95.97847103851572,1,1
130.74551215619312,14,93.81778053571784,1,0
138.34310343806834,9,97.01052921318364,2,1
141.16425679117597,12,100.0,1,1
146.7779433263671,5,93.38085755416728,1,1
148.32499935705712,18,82.65283935815262,0,1
182.7433294636641,15,90.14389565982015,1,1
122.33756486132847,14,93.65203692518945,1,0
182.96880347470108,19,73.30937012109825,1,1
146.3677538951138,14,75.22167126202929,1,1
153.5385835642241,15,80.36559978103139,0,1
60.08096919605515,13,53.43125801852001,3,1
191.23474536161166,15,87.0711761262632,1,1
165.59198141540966,10,56.708069440734604,2,1
164.91045494368436,12,75.79588969398928,1,0
40.0,7,97.97934634202875,1,1
213.97686171513274,8,67.84685309034246,1,0
143.71846673301718,14,100.0,1,1
199.86822675318825,12,63.092486508722686,4,1
73.20423327935112,9,92.86891022447749,5,0
177.57482572781564,13,95.12705584610381,1,1
102.59629965718548,21,59.259501275339666,0,1
121.93039676868877,9,100.0,3,1
206.13141092400537,25,74.04382071744051,4,0
141.4192919656494,14,71.83773966766552,4,1
159.78447929308754,12,63.893692078239745,4,1
189.15304788099394,15,81.69972958510489,3,1
172.30568495876722,20,83.08889691415061,2,1
126.76885073146094,16,76.53968292809496,0,0
166.42324511098013,15,80.5330576566406,3,1
258.15370133572236,16,94.4983796517264,3,1
147.40715413348866,18,79.18555251005131,2,1
129.04945710217353,14,45.97553824139294,1,0
197.27944782034254,14,82.75957756525538,2,1
199.74866698310927,15,49.48783519940083,1,1
203.4163637502171,16,90.30655946337085,0,1
178.7428599913133,19,70.31049654576047,4,1
98.56477892712823,11,87.450405323737,1,1
223.5044189535493,12,100.0,4,1
68.41445731415904,17,60.76876957098,2,0
163.6185959357565,16,100.0,1,1
116.05758674912889,10,78.49915649970771,3,1
147.11377440331535,20,100.0,2,1
134.79430846365662,18,69.5227108020268,1,0
164.46107469526228,9,72.39260521739962,0,1
168.9864339405878,14,95.30857675592932,0,1
192.6170071076391,24,68.46315405564546,4,0
170.4090435681291,13,72.37825728806487,4,1
139.01295141192082,13,77.83240223944313,3,1
163.38392257297608,17,74.33090201725499,1,0
203.5261720016088,18,100.0,1,1
94.75764831883534,13,55.988683818106345,4,1
176.88300314324363,15,85.34620988425631,1,1
151.55277340399041,11,84.37355391981065,3,0
136.60964234880038,14,87.90172862487694,1,1
211.90680659902287,17,100.0,3,1
143.2474985835363,16,83.88482005362214,2,1
155.6509404062194,17,82.23172836721082,2,1
142.21176790722586,16,93.88494320520014,3,1
120.70105714116603,14,76.48970722427025,3,0
100.66762108971591,8,79.14386892579293,2,1
85.19771028325675,13,92.74216059379569,1,1
221.75272784512373,15,75.21207560175033,1,1
111.88673932567525,12,75.8323427197101,2,1
105.38734427446619,11,77.0800896735158,2,1
53.097444887832836,17,100.0,3,1
121.2467213539724,13,36.684754660214296,0,1
90.46095929666257,19,90.93398252144414,4,1
193.8906822061366,8,75.51407721300333,3,0
165.44176902041852,12,49.7869431114282,0,0
119.03323446700243,20,89.64590168704004,2,1
251.3596112404939,17,92.13627987747299,0,1
194.17944691462174,13,93.844588470361,2,1
135.38258774211198,18,45.22257905432576,1,1
40.0,19,100.0,4,1
253.09241576658337,14,73.93394942972739,1,1
87.46923899563818,11,95.29851620129764,0,1
45.95705638693987,16,86.11610671023429,2,0
196.0156694404338,15,71.84954371571061,2,1
259.7888582852673,16,94.90689928527325,1,1
212.29227683297333,16,79.21760138631463,2,1
145.37591040235617,15,43.92934230992764,3,0
146.76394537493786,12,92.51612888291669,2,0
188.40370014511385,13,73.37432555475641,1,1
184.15178654040443,15,72.18259805892919,0,1
162.6536140786219,12,78.95401197944916,2,1
154.68904967783442,20,89.08355087991082,2,1
147.1833092445215,9,84.14094383766846,1,1
116.07159350099957,19,93.22100387060756,3,1
137.36962154099518,17,64.90765950207012,1,1
43.81694336120765,15,63.86420444353898,4,0
145.57471679423625,17,83.260043915177,3,1
105.51340017820871,14,100.0,4,1
100.33848072529031,15,83.29281192379364,3,1
158.09523680190654,17,100.0,0,1
182.64010288550696,10,75.57832753176477,3,0
191.32424727010408,15,77.74512043843647,1,1
79.32747283695703,9,81.2991336382834,0,1
105.46673385433482,16,82.47370431956678,2,1
192.33470345946972,9,94.05468608441107,3,1
105.78806729077607,12,100.0,3,1
139.89150825013388,12,90.39521271529482,0,1
174.75234445610482,23,100.0,0,1
106.4244995311364,19,70.52815393555471,3,1
154.74189777656818,12,78.78054236778954,2,1
59.9688527286808,12,64.13546198688499,5,0
92.93845602219538,22,79.71666886312279,3,0
164.39018703641418,17,79.6156242223088,1,1
48.31528199107488,28,85.94659405551293,1,0
139.82136320821795,19,61.034974325513375,1,0
149.11629904829934,17,85.64546459981922,2,1
144.86204794877165,21,85.30286866518384,0,0
130.07613603290977,19,44.02045837439084,4,0
211.38631934882298,14,100.0,0,1
155.63510261915582,14,80.75272172680187,2,1
130.6767506493636,22,54.62440129485741,2,1
155.50338763645277,13,87.37140847865179,1,1
174.44841130663747,13,85.50165201959726,1,1
152.1987031646567,13,83.7715843064126,3,1
151.8266261041747,17,99.8678666939,2,1
118.41037404869601,12,96.21167457140584,5,1
120.16945871020734,10,89.46814286535768,1,1
86.8827627690138,14,91.75233450919971,4,1
228.73095344341226,8,83.4346232584287,2,1
64.02615440739217,19,100.0,2,0
118.81926609918418,14,62.8120597246335,2,1
87.67167304938611,20,77.09477511323846,4,0
190.27159696249987,16,85.9753694678317,0,1
136.72726447685875,14,97.1992060909689,1,1
206.14839327031802,15,72.34219183862652,1,1
89.69292190902591,18,48.84491096405196,3,0
162.55473730007108,11,87.3523452414729,1,1
82.40938260331092,11,79.21845738327906,1,0
246.53171074980247,16,100.0,3,1
96.55807114367192,16,65.94456930512371,2,1
133.94193196021624,13,92.3204065007508,6,0
178.51995964194444,16,100.0,4,1
138.6209593853174,16,69.33352668716284,1,0
141.66205535050312,18,65.63586670760164,1,1
114.15806851199582,11,68.89538450439943,1,0
121.97151623905994,10,75.2100745105707,2,0
113.38490992671801,11,83.45681812510372,2,0
163.37456025577094,19,66.12907905242929,7,0
249.4735350716108,16,100.0,3,1
124.91286967464748,17,68.28201527487907,1,1
88.35886591894149,20,58.911922717408004,1,1
116.02730782419353,17,91.60065636430976,1,0
266.08692019444436,24,50.88068453190701,1,1
113.83464444136212,16,81.93805346690925,2,1
223.76025624498305,18,100.0,2,1
225.49653663343983,12,84.81934670560102,1,1
125.08852912314025,21,68.18848523955626,3,1
145.6042385633374,10,74.1390380431981,1,0
223.2778480407842,15,84.237988170707,0,1
132.93925165556308,10,87.40974910529675,2,1
140.8388837953937,12,94.9339447323943,5,1
93.82435887231102,17,59.41333247448391,2,0
74.335947118821,18,100.0,2,0
120.78251047202968,14,88.67671426558927,1,1
64.92268799569845,12,85.90191069602706,3,0
121.53375607166517,16,65.57775900366536,1,0
115.35120460236112,21,100.0,1,1
160.52036603058366,21,81.14421386780403,2,1
79.98469592083677,17,89.16328770240298,3,1
134.88961044965058,11,61.00340884219336,1,0
187.50880327240162,9,70.0460256039681,4,1
30.28189608428451,9,85.32307959679324,3,0
166.83254564314075,19,78.3458975468892,3,1
205.24510466129814,10,72.19265368743434,2,1
95.56615415889576,11,75.35224986959454,4,1
225.26575740769664,11,95.48429607576132,3,1
168.85585542147203,19,75.56443208194584,2,1
88.2744664908716,17,73.23517602596753,3,0
117.49039150540322,17,75.22541625430645,2,0
175.12471106347752,16,56.23976670984551,1,1
123.42024261355851,21,52.933103919397226,2,0
174.24401966008662,10,90.04416833871343,4,1
78.56968831142852,12,63.944559582709545,3,0
157.62123708162352,21,100.0,5,1
86.3828476392759,16,99.50210656375816,2,1
144.9948272393085,14,95.78752999533155,0,1
109.32415613408446,23,100.0,1,1
86.90115258346052,20,73.75366008385225,1,0
205.62419288446966,12,94.73322888855759,0,1
199.1089554267421,17,76.23398535105953,0,1
147.41121544082296,12,100.0,4,0
100.84592558973395,16,100.0,2,1
135.7616197637339,19,85.17820651776688,4,1
204.58939649906324,17,90.79879344857788,1,1
156.37726111379573,16,100.0,1,1
254.36982929917625,12,82.79290742778839,1,1
167.69930277274673,12,75.15063893800443,6,1
128.64221024205142,15,88.10984626510324,2,0
136.08975911088743,25,86.17658869125505,2,1
156.0093407152027,12,87.7449167446789,3,1
143.1388573628755,12,72.48592985398052,6,1
181.86489045098656,13,59.234917774549054,4,1
193.05160425575627,16,88.54213614818651,2,1
114.63047427714227,19,98.57443062241299,1,1
90.0945170899,8,81.61289876385938,2,1
67.37075821035165,10,100.0,2,1
142.85960971106448,22,64.44125511876683,1,0
100.34850272217568,20,69.1794331755112,0,1
53.11992331713827,17,83.99154539205803,0,1
167.48603720389337,11,83.76111136973064,1,1
232.18497828447556,17,86.54953097002834,2,0
149.7268089807048,13,73.37555763904024,4,1
187.73208485032387,19,100.0,0,1
153.68232113464043,19,100.0,4,1
115.54996560639859,20,74.41283959547488,5,0
191.35844173444957,16,100.0,2,1
106.9376455115107,14,59.1525439406211,1,0
162.03265413323564,9,100.0,2,1
134.47640127882062,20,90.70914612839194,1,0
119.9359295860628,11,97.95155920284819,1,1
164.64190572914353,13,74.76655366694558,2,0
112.1268109487066,14,30.68626588136953,0,0
85.99146782282199,10,65.37409284521806,0,0
174.14294296066817,14,75.61125973473096,3,1
109.56894081940332,18,70.32617592909284,2,1
151.26815208161076,18,86.833645068206,2,1
149.58964515101084,19,78.71554831718149,0,1
198.865300462421,11,72.63081985352467,1,1
171.36142047959788,16,69.1179977762827,0,1
118.87378685646853,14,64.26730521772157,1,0
156.79948346401292,20,91.82248817774892,0,0
212.5593397057791,14,75.08462418058758,2,1
175.1014637858338,11,77.27591940350091,3,1
120.46586789295213,15,68.1495357746513,2,0
60.96736954424282,19,80.0849027071413,5,0
72.06988516160823,18,81.843742327928,4,0
136.26488830403997,15,39.33015191135257,2,1
92.57195090283226,15,90.32452820741412,1,0
141.58629136565492,21,100.0,2,1
152.54924662036984,24,69.24720193957495,1,1
173.8361739460529,16,70.41552632897748,2,1
116.82755498734089,10,68.24619918332593,3,0
141.8925739721791,9,63.65993970815093,2,0
152.90134866645542,14,88.35890310919909,0,1
61.1040045140758,11,55.80212070461704,3,1
107.72990727815605,14,68.2310858794489,7,1
143.5160599925273,17,100.0,2,1
95.56373657215016,15,71.07670048977974,2,1
176.9967928498292,12,100.0,2,1
218.88378745546638,11,90.33007293385205,2,1
204.84428332637924,12,57.86098428117613,2,1
110.39507080814064,18,84.5299379282431,1,0
187.08267615824784,16,73.2349904671072,1,0
126.69003557409502,8,68.1679941562539,3,0
104.83113129968822,14,78.67435639758006,3,0
122.39688014065771,17,92.11950228350189,2,1
136.38886410803423,12,95.6138773296193,2,1
132.53204316564472,14,100.0,2,1
157.66873000689696,26,91.12203869167534,0,1
127.2258291472439,13,54.36548866820458,3,0
150.13707090690366,17,77.89531813523213,2,1
139.66221763858573,10,100.0,2,0
203.57908236538537,19,95.86736590572592,1,1
192.72993609485957,13,100.0,3,1
83.17959141975435,14,100.0,5,1
40.0,14,88.62703107333623,0,1
162.0443960057673,15,79.52110604671677,0,0
88.49045857130605,21,84.45129940184731,1,1
109.88555691482924,22,48.932930762302504,2,0
67.34491382732882,19,75.27070878702337,2,0
68.91088030889911,6,100.0,1,1
144.36582276921547,15,66.00540007768194,5,0
184.1619822136191,17,91.17929498592714,0,1
124.05703196729763,25,97.77386568839796,1,1
40.0,10,71.35479341031287,2,1
95.41899982863828,17,68.23045703484503,2,0
167.63118024311458,14,69.73132764284261,3,1
83.44897940516421,8,72.6675158996589,0,1
158.251196390062,15,65.68592074520409,2,1
149.3110567872152,15,71.4932730793296,0,1
176.068117482049,17,100.0,1,1
155.3811165786369,20,71.26784456364561,4,1
106.21189766033001,15,86.89688828591035,6,1
173.8457175749021,16,67.45696869493567,0,0
142.86616921378635,14,100.0,3,1
148.77129572205308,10,100.0,0,1
108.00294184170617,15,97.9610497320842,0,1
100.05229869638204,14,79.59201829654133,1,0
110.18387786878947,20,81.53410694738652,4,1
142.21742730344596,9,67.12187943713126,3,1
227.02688160640545,20,100.0,0,1
58.264448568088966,18,63.6049047337117,0,0
77.38973709554665,16,94.95469520549263,0,1
216.2026647372124,19,100.0,2,1
140.58043452816602,17,76.67079254642006,4,1
119.89172676030375,10,100.0,2,1
196.79571093282345,16,96.46319805008284,3,1
122.74730071184112,14,100.0,0,1
232.17043710961212,17,77.95980300359933,3,1
150.5066642102671,9,55.71203974080427,5,0
128.04398663344338,15,77.41765366833233,2,1
217.07886959694764,20,78.13280313801498,4,0
92.74282846484977,15,75.87319090627585,2,0
183.39429174041882,14,79.09843155588175,3,1
163.46816611829215,15,56.362038115341356,1,1
208.5783580229459,12,92.0572449419366,1,1
220.26800385270838,15,100.0,1,1
151.4401867079595,9,91.96376857184505,5,1
86.09619583442174,23,84.1370327858027,2,0
140.69874643226024,11,83.58667959232653,3,0
119.50280836115522,13,90.955700048236,0,1
210.60242613869804,13,88.97498950302142,1,0
156.14408989872317,16,90.93060521778499,3,1
133.5605301909551,13,80.30984245520087,2,1
158.31061376392088,12,73.0601663498687,1,1
89.37931697116366,18,81.26539517078987,1,1
76.27736826702068,17,79.71194244675999,1,0
204.01862585749913,14,80.2587555831554,1,1
90.43975744628719,13,79.71508024697145,1,0
102.88900577931273,11,91.58725200550626,2,1
144.14937386372787,13,87.49769146905273,2,0
203.35668695983486,13,100.0,0,1
182.352898979928,10,86.17011127718287,1,1
194.82214586126173,15,65.38335152278509,1,1
115.94422101437426,22,79.82343854771214,4,1
86.01851999661703,12,85.66093851109899,1,1
217.5600143379969,12,57.46346865734365,1,1
135.4794072521039,7,100.0,0,1
138.71251425952286,15,87.13566868765699,0,1
209.76873638320762,10,90.72029251870427,1,1
175.0303504230297,13,100.0,4,1
170.51494974367233,15,75.5478575478648,1,1
217.42510552054878,14,83.61062896326045,1,0
121.04167963289356,17,83.35203815347097,1,1
191.75280576365566,15,82.23869699476121,1,1
152.56559062036882,19,73.41711418293431,1,1
162.08665254884656,15,100.0,0,1
218.78107918856392,16,79.36749939886644,1,1
172.85260903303308,6,95.49196370343553,1,1
174.22332355723347,11,56.87488918792096,3,1
198.2628301789411,18,100.0,5,1
133.57712717057018,10,100.0,7,1
112.23556496974471,12,86.46151165445954,5,1
102.98358626905349,12,81.59586300793113,0,1
31.513953478079927,7,81.00000008420349,3,0
242.5293208473145,7,100.0,4,1
100.35562354252426,15,58.55144951644772,1,1
140.04358693864026,16,96.73041081361191,1,1
137.54340150499857,11,71.32574046769146,4,1
163.83330140140953,16,84.70122405550403,1,1
186.70817456426835,19,81.28179821382005,0,1
188.72130697618854,10,78.57522613303367,1,1
123.76151526439777,17,84.84302306420906,2,1
142.47952287961147,17,67.98743282083313,0,1
162.7160977719735,12,100.0,3,1
138.8088993217404,11,58.087847332021,2,1
222.33055092089967,17,93.09646769242514,5,1
172.0938728237213,22,80.10196221198143,3,1
183.06950037224178,12,67.4361265928882,3,1
149.82965709003358,14,78.03575055898042,1,0
202.80632358683962,15,61.645733699402825,2,1
158.14597014166682,14,85.59570732579452,4,1
91.6425623419869,18,63.656846382826686,2,1
137.98595782886886,10,81.91908126476747,1,0
120.6889397793677,13,71.13463999554438,2,1
96.21224932126094,11,68.23508974456036,5,0
176.3863808439792,9,89.40924081914743,3,1
205.7227382145136,18,73.41186832236646,1,1
150.95722095312277,16,84.13054000497546,4,1
163.89748556695338,13,62.292542481327196,0,1
226.5996725085857,17,94.46313405394233,2,1
130.83389307698556,22,100.0,2,0
267.0757401381178,15,100.0,2,1
175.4479340534195,18,86.36752219999659,5,1
70.7656758379882,11,96.8230621119578,1,1
183.90037294970398,18,58.29061490638766,1,1
167.152127319725,15,100.0,1,1
208.03887393372355,13,96.64342757086159,1,1
180.29316080714813,14,77.74099832573151,2,1
143.76948072073017,16,100.0,3,1
94.90657936697855,19,81.18285885031987,3,1
110.59395342212886,10,68.12962225478165,2,0
111.72657956058148,20,92.13002388141237,1,1
123.87644475878747,13,69.04968250254522,1,1
146.48602819892744,13,90.32437146599922,4,0
195.14570269581327,8,59.16015282109735,2,0
137.76021884203413,16,59.249178152652206,1,0
96.1852622084167,12,71.354653173875,1,1
170.00712006990634,20,96.39250056274183,5,1
203.8484168990543,19,75.74836957720439,1,1
92.5597693056278,18,54.78006323449247,2,0
143.9692274997187,11,75.91480000096303,4,1
150.66096876281387,20,84.5193644397927,2,1
84.6795759112992,10,57.285412745034215,2,0
179.17261952297366,24,67.72478336448485,1,1
144.55733331264983,13,100.0,1,1
168.87895997581626,18,72.0915189427917,1,1
110.0628519989055,19,80.15436446840489,2,1
100.31437648544653,15,69.49144498801071,2,0
182.5071611022497,14,78.67964788344337,0,1
103.22250815587049,13,84.32020109953653,3,0
197.71337330550324,15,89.22214425708074,3,0
132.0163716473429,13,80.41068352702612,1,1
160.11081265883487,17,66.45282570111476,3,1
161.96658743428904,18,94.11660341773356,4,0
56.17354201801357,17,73.56988363204977,4,0
70.76360346086508,16,100.0,2,1
81.34546584434574,15,51.31621153652256,1,1
206.81628465422318,8,87.93104831924981,0,1
125.1663834348399,24,100.0,3,1
235.11896785507133,15,69.70103796842763,2,0
124.60885806041752,15,81.61759864998047,0,1
128.30480864386666,12,79.43267537385508,5,0
219.3949478655544,11,76.61806271672565,4,1
210.27417996716053,14,70.318921019209,1,0
242.7676609486379,12,79.93277358712895,4,1
204.3764803766914,14,75.5886889836044,3,1
196.08281366151581,16,100.0,4,1
146.66371271405325,15,81.91617048444652,3,0
185.0262484274987,23,88.75942348154953,1,1
125.196642765216,7,97.12856510335175,3,1
113.18105024599618,12,81.03466250194799,2,1
149.84814941650717,14,73.3869427247065,2,1
142.34169198637824,13,75.96063543078164,2,1
129.60473778027261,15,85.02674561656913,1,1
181.3374351355522,17,69.11182437440647,5,1
192.98873438567298,22,77.49608475119987,4,1
123.97830988313314,11,67.25825037192848,1,0
186.4888536474868,16,100.0,3,0
98.62398986399228,14,43.392775900991246,3,1
141.2853243324127,16,82.3057041789155,4,1
117.74299557287378,12,100.0,1,1
66.0058522317123,9,86.82766696198681,1,1
146.27936913707853,18,96.3012621013164,2,1
144.52136212275224,15,86.49739472649652,1,1
218.1052384458959,14,74.9899992817528,1,1
178.386525804965,13,51.3712609823663,0,1
103.91159290518578,6,88.08183530554454,2,1
233.43416548503848,20,73.36590093096413,2,1
204.9465162986409,11,72.99496890752044,1,1
176.19439665608772,14,77.51519116031332,1,1
139.80821555175757,18,100.0,3,1
106.82523434744341,7,100.0,2,1
133.25069507680263,14,88.25811906292601,1,1
168.99368788668838,23,68.02849164132408,1,0
204.8063837670574,12,57.34160373823184,1,0
219.4459587722485,20,92.02810242319103,2,1
128.00177601961767,18,100.0,4,1
69.6172155019945,16,71.28989419462265,1,0
156.33988111100416,10,49.315059388701634,0,1
70.42022854967168,12,95.05074507723286,1,1
134.54254713831517,18,89.78099567175074,2,0
143.3578836165599,16,61.21231539421229,0,1
129.0283574159291,26,87.6472627549443,3,1
48.2383619729942,14,81.76839024204148,1,0
173.11200479563723,21,83.90339046986593,1,1
126.02846221521399,16,73.1384362137197,7,1
97.35374239303704,12,100.0,1,1
40.0,23,78.94930381046976,1,1
118.76182927272137,19,52.722207559501015,0,0
229.75132185013848,15,54.25788271495479,5,1
224.75666465465414,22,100.0,1,1
99.43066845361777,17,84.24995964706677,2,0
122.90045728371987,15,86.31960320693753,0,1
141.09484152337606,15,68.39588044723794,2,0
105.07265523652688,16,77.06502378695309,2,1
133.58063549187597,16,58.863950273375835,4,0
184.47361252731105,11,78.52816533160173,2,1
205.21199507479383,24,53.19869177319738,2,1
145.49306655840212,14,73.95904519797229,2,1
140.83468124203654,16,80.3359372547336,0,1
110.49078359595475,14,94.14820070785629,5,1
112.7903840682063,26,84.40110304939954,1,1
109.8084498644313,13,86.92384670813338,6,0
166.531447806728,11,100.0,3,1
191.11130818049622,15,100.0,3,1
113.85694721938448,15,92.05764771067835,2,1
217.17098560317848,11,85.17794018771177,1,1
107.79943795308441,19,60.28817987379661,5,0
149.03847175432037,13,96.09916077068975,0,1
116.37547443834795,22,100.0,2,1
10.909188287717626,8,80.13159059475628,3,0
189.78204283624723,14,100.0,1,1
183.1579753691595,11,62.11642437908374,2,1
137.3402599296804,26,67.68754922830688,1,1
123.01458227511924,15,87.82802261622393,2,0
173.21726479668447,16,88.96435315229877,1,1
49.685436440105576,10,94.70673264857712,1,0
126.19262951941673,13,84.7679253890989,4,1
185.74191058298223,16,71.98036866207502,3,1
93.55697595738377,18,81.79610136692436,3,1
133.21010694749833,13,52.009740436143986,1,0
88.95381879194677,12,68.07113990354448,1,1
170.98934920950867,11,99.58665996877015,3,1
118.39613329661324,10,88.09181121704415,5,0
77.31906828425207,17,90.44506427209116,1,1
202.41327095057272,14,59.183837185592964,5,1
116.94337904408778,16,79.62394636730667,1,1
83.53864033435286,22,56.62500167009924,2,0
129.02561387539242,13,92.64799880681647,2,0
201.68868072429217,18,76.24416799656098,1,1
104.28801814597213,17,68.71378433827675,2,1
122.77559324315872,15,75.44694247682136,2,0
169.29674251487577,11,75.39768314748082,2,1
151.18975232684147,14,97.2561586530556,2,0
157.93986998747513,14,73.97783653698714,3,1
133.4837472412505,18,64.01157611163053,0,1
112.75844007080761,9,52.70629726363727,4,1
153.87647473708688,22,84.53820246379877,1,1
71.75374446064768,15,66.57104829213111,0,0
40.0,13,63.5664309023241,1,1
169.64519118709507,15,100.0,0,1
190.67706784887878,10,95.00867721143862,1,1
43.66804040061727,22,84.57673181594156,1,1
104.5621182880528,12,100.0,2,1
147.8619417452339,9,84.9380405009792,2,0
242.58729613702644,11,72.65716147722351,0,1
120.93571684539336,15,59.411697540138505,2,0
87.23986764468896,9,87.26972316680792,2,0
141.7696601502822,15,90.94550434701027,3,1
211.8694388616683,19,87.54621651955992,5,1
120.9316119393959,19,72.30253295696639,2,1
84.03635970073859,16,84.11921350508631,1,0
128.27654150180854,14,73.66751675299076,2,1
107.10021262835795,17,83.47020018109482,0,1
155.5201642197658,17,100.0,5,1
193.11053063113025,21,65.0874864628478,1,0
164.5385672902213,8,61.40516114390709,1,1
138.64409240431706,15,69.21179212194835,1,1
136.86849289880053,12,99.91448240031434,2,1
49.65641360865044,9,78.82096706070314,1,0
189.73993997162216,13,83.0668393196687,3,1
146.49732613442393,12,77.36359292032645,4,1
141.87840388842184,12,92.28039861329785,2,1
263.6898405530187,10,62.26342723514665,2,0
133.4438808764559,16,79.58498352963893,2,0
116.1694027457167,13,74.03118146780565,2,1
130.81390817075055,13,71.53510922087419,1,1
201.68005691385397,10,75.43768847762482,2,1
155.0971684741994,13,79.36888830274057,2,1
55.27749097571849,12,74.26755246099445,2,0
191.36530205588417,10,88.53183692666671,5,1
119.93351615074528,17,29.67452062857334,2,1
234.29839992978955,16,72.88524163379853,3,1
198.60216295715918,17,79.12645033965941,0,1
129.87051469535618,20,100.0,2,1
207.64573627808008,17,68.79996087426801,2,1
153.05349797373316,13,87.44194927149869,1,1
188.37481538049988,15,100.0,2,1
141.81297677825137,19,55.30547205079091,1,0
111.91395052541068,17,90.90962838796604,2,1
121.04025754571421,16,72.9659224909822,4,1
196.34823679115226,17,77.43049386566148,3,1
104.93511005520566,19,62.95333749070028,1,0
131.83581915411014,16,74.02214037376172,3,1
77.01948392927912,13,100.0,3,0
139.06195795170575,14,87.66683808107499,4,0
242.81362136594151,22,100.0,3,1
101.96101885855772,9,92.37990230254744,1,1
121.08987555027412,17,50.90614817397063,2,0
213.54992499369433,20,90.9243695548496,2,1
146.41613739394282,9,100.0,2,1
140.35673083123802,12,62.19900788941333,3,0
102.19229123339042,18,99.4799000074169,2,1
169.27381937434419,19,95.56504314781118,0,1
141.5785080747953,16,100.0,1,1
164.35784980559384,13,68.73325481229571,1,0
173.4323723204138,14,58.535835265864094,1,0
266.53036389083763,22,79.57557835941182,1,1
176.0834927946109,10,100.0,3,1
164.66083424619748,23,57.573911787370555,0,1
158.74729357098013,11,53.974364268534515,2,1
104.10751682351902,16,76.3409291839742,1,0
165.2317729557761,17,78.36116060838766,2,1
106.70693654374368,12,75.11591839763527,1,0
157.58074393213263,13,99.17967656853799,1,1
209.2918891023582,19,76.71145980821721,1,1
104.70558456241615,12,56.90491253604069,2,1
201.29453525080703,10,100.0,2,1
209.27017803029395,20,70.04157568841836,2,1
114.68691628540145,17,59.114443169818536,2,0
24.51652954461325,14,91.55580020583895,1,0
122.64801058075054,18,79.23266318437723,1,1
208.3647545952499,13,84.04915221947783,2,1
148.97093719655032,15,92.24185186090477,2,1
75.031399546729,20,91.25374654664994,3,0
127.28512854473021,19,79.99808960227342,2,1
187.82790119270487,14,100.0,1,1
144.60301056906206,15,42.96300226897792,2,0
139.24805553736377,25,96.39680855429616,2,1
133.49290146833906,9,72.40708662973515,2,1
102.37088329302802,7,95.58406974911986,2,0
78.49154169756738,11,77.13066718245818,2,0
192.69190602612488,14,64.90642001985897,1,0
105.4955788854897,18,84.94261639532449,0,0
204.77213343714735,13,98.39782520810877,1,1
188.45922233651032,18,84.62841184287957,5,0
164.92399041665823,15,59.554556405504094,4,0
130.57708592768782,12,77.73974314566873,3,1
168.16785406514742,15,84.93890744317848,2,1
148.91119771240878,11,84.38110521024909,2,1
109.33341626714423,17,96.24618213157521,2,1
164.59616767747212,22,54.77648151240088,2,1
66.94320939780889,15,80.01490581830255,0,0
203.44557248077035,21,80.6502796834504,1,1
129.09222162157232,13,72.42249075424071,1,1
159.05218451427777,21,73.86269833345601,0,1
162.7479542195764,10,81.78193503223055,4,1
138.34927618331653,21,30.98372343310723,2,1
176.40122106638736,14,74.48065643812674,0,1
98.6293354519864,16,61.8627776303056,2,0
159.208378385576,21,82.99174813983936,0,0
89.43091438889633,16,72.91709976234219,3,1
155.68708107958855,21,81.77329299744265,2,1
207.25180495762282,24,98.13414941491953,1,0
104.98509039274913,15,99.91527279723135,1,1
89.50147632638168,14,88.5340709991518,3,0
143.12585323465117,15,67.50191354383722,3,0
158.08118018728192,16,93.14548418934478,3,1
135.77835446731015,20,71.49153299319609,0,0
142.01342085664487,11,72.05860183984593,0,0
148.56246608527965,18,81.14528015619824,3,0
199.93649288803005,18,76.04509617368602,3,1
138.44183956178307,13,97.39504656664805,1,0
139.1434055421656,11,82.59804790603094,4,1
180.26581655412292,10,94.27540849389497,0,1
235.4946870702847,14,100.0,1,1
114.03148141278419,22,90.47480661862762,3,0
106.14618128982113,15,63.86621345964213,2,1
169.81863011791378,19,81.67343842514826,2,0
144.58284762208808,13,97.7607909169097,1,1
52.229870429368376,12,98.37794533241123,4,1
158.13397547176896,12,58.30057748828053,2,0
125.91023163207348,12,75.14447144474013,2,1
115.92600229631276,20,89.91837353612432,1,0
134.93911487560564,11,63.57359443976031,4,0
158.572485590058,12,80.50455915003529,5,1
181.92533177125677,14,100.0,2,1
100.40311332435705,16,74.28301124422815,2,0
143.0897609179237,22,64.09838793249236,0,0
108.32039950872372,11,61.83573964705642,3,0
183.24647163993762,16,89.99078994377783,2,1
177.6915367805874,14,65.00277987284187,5,1
77.90525840799322,17,71.28996054155373,6,0
168.86919522787645,13,79.99845802485032,3,0
125.88164496986784,14,100.0,3,1
186.36260092265152,23,95.01322120554994,3,1
166.52792910306033,13,74.28902323026732,2,1
232.7182654557805,15,100.0,3,1
109.94403079326665,17,70.50727443678784,2,0
134.2807441746811,16,66.46445466925887,0,1
149.12611773505205,10,82.41937961101792,2,1
136.3569097724576,20,100.0,2,1
155.99738558739224,18,77.47860075097388,2,0
77.26602262035354,14,85.18782796494679,2,1
102.58429113841407,19,100.0,1,1
101.94886852893632,15,63.52967729418359,2,1
192.7638416388109,15,65.71601328920842,5,1
226.97760176618664,24,60.762302935497516,1,1
145.29978516581377,12,90.58972279720082,0,1
142.40302245644952,20,87.49739690672686,2,1
153.15234734009317,17,100.0,0,1
172.28452361736856,11,78.65212615705155,3,0
108.26910896142417,7,78.93764260781046,2,1
160.72660422306532,15,85.0269230931716,3,1
193.88389334020934,18,86.76561127691437,4,1
172.54923764729304,11,59.923580900077496,1,1
158.53117274694344,22,100.0,1,1
195.04707416552134,20,92.79806527152867,1,1
10.0,14,78.15012462033883,2,0
150.50438937889083,10,84.2274597641787,1,0
90.56659425926593,23,85.64116470879907,3,0
67.62151964145944,12,82.89169771746353,4,1
143.00411697862413,22,65.53138295638949,2,0
181.8146345323331,13,83.99176029482555,3,0
113.81481684175387,5,80.78566260797179,1,0
192.87935462413225,19,72.85164851365889,1,1
222.55252160948905,13,100.0,4,1
179.17115041128213,15,79.40028054484475,3,0
223.79840382171267,12,95.94729043401446,1,1
183.39573709823514,12,100.0,3,1
123.39451375057168,12,75.32833231747252,2,0
77.91153846462741,15,89.75428010476173,2,1
138.92718803415232,12,97.15040857759175,4,1
82.05390321077138,13,64.12708374299922,2,0
217.6924222874016,16,75.81077494269002,2,0
142.08513844054485,16,86.88322879976722,4,1
155.54421630530186,14,70.65912172474908,4,1
144.81684192182104,17,100.0,2,0
151.96211008676042,16,63.89059834761396,1,1
226.27729681938388,14,65.52844144469263,1,1
121.98077872194966,12,100.0,2,1
128.75733548567592,15,85.69899376194813,2,0
116.58882364358783,19,69.61052773778833,2,1
90.59898699506823,17,94.10933522652539,2,1
122.47039090926216,22,100.0,2,1
148.33334413282145,18,84.54605413604521,2,1
130.6813998967233,11,100.0,2,1
118.84105590567648,20,59.139072836979466,2,1
86.71571413476747,22,95.40735180788653,6,1
146.26024923170874,15,100.0,2,1
82.2875831686049,19,98.3701585240787,1,1
154.2025183660321,23,71.93466410031527,3,0
153.70978888205264,17,80.64337776983275,1,1
54.410182524078124,10,81.66217756630886,5,0
136.08559153275615,10,97.23631729978104,2,1
116.15296174842376,13,94.03710154423545,1,1
164.3628529688631,16,100.0,2,1
180.3202700710415,15,59.71695064399897,1,0
65.61723886594149,16,81.58343531314549,0,1
155.1761735616338,16,70.89976101814369,5,1
112.79402419950118,13,69.20830835870788,3,0
180.21030344027096,14,100.0,1,1
159.59384827069601,17,86.61975881087844,4,1
116.16138007175314,17,100.0,0,1
135.6425728950022,13,87.90109550784575,2,1
114.178836443843,17,85.89537820869604,0,1
198.42032123693693,13,86.59274379160324,4,1
120.9590241902374,19,65.43286960710097,4,0
205.55358085888534,12,74.1324508143361,2,0
147.27026337834207,12,100.0,2,1
118.12169548902918,20,86.70956002191659,3,1
51.88285233242277,14,63.09810405174793,1,0
38.85871456848247,15,61.12373069282047,4,0
78.71388256475296,19,78.24697162501235,0,1
162.02069929551675,17,86.10795151616321,2,1
142.89262604534701,21,92.90379803214392,0,0
78.846418408554,15,64.89267037950344,0,1
160.2767241334252,14,70.20260583166866,6,0
128.26225267424522,8,87.16465029152619,2,1
156.60568553934974,13,57.49441348555848,1,1
222.54992827149408,12,72.49602575550391,2,1
190.35776921394893,17,74.8016719039572,4,1
137.91612084423755,15,73.06044439224252,1,1
79.89634985631207,20,77.87834317532472,5,0
23.16830694018128,17,72.59160585747304,1,0
117.6381006340911,23,76.67070846098446,0,1
140.49913925275376,18,91.41943939828953,1,1
105.57692127819672,22,100.0,1,1
144.0934364808463,18,100.0,0,1
153.45833473314457,14,56.15842341906496,4,1
109.88148081863646,18,83.65608275752709,1,0
120.74988386294432,12,82.32965064904242,2,1
157.58946023850274,15,87.32733014298034,4,1
169.8873292306234,13,79.02575449686177,2,1
100.93204151507193,18,86.76382944830803,4,1
213.49195708858215,16,87.27111094108028,2,1
145.56353404720824,17,76.31572363976615,4,1
150.84823303251812,20,71.55448678262229,4,1
181.86964904654508,12,78.26956476070774,3,1
160.49472590685758,15,88.51388896685148,3,1
192.89114852609603,13,93.98494512526396,1,1
162.92058743408208,9,97.8002346601022,1,1
122.4403181411803,11,77.5871496539963,3,1
166.26765863427457,12,89.25766850954105,2,1
98.53232067057021,18,99.43753887929948,3,1
154.88518675994354,12,100.0,1,1
118.50465042099927,16,74.11750718802716,2,0
140.63474142273571,15,81.68602412590582,2,1
144.2158119852481,16,87.86686350754589,2,1
35.316792952606235,15,57.75438790653891,1,0
125.30737915165673,19,82.09585733446738,2,1
154.17802055135016,10,96.16879597709695,2,1
157.193537639883,13,94.62920694165553,1,1
103.75461865833188,15,80.94598593454167,2,1
206.95685283891152,22,88.2657730163075,4,1
81.02213183034746,12,62.63024489563969,3,0
193.62557402370317,14,95.55238222337537,0,1
139.22374628422583,14,73.83267845795291,4,0
90.91977105702887,12,70.86072822455793,2,0
229.88899016742806,10,79.5741424585992,2,1
96.2863425709584,16,84.05659199650212,2,1
191.36193781245007,23,78.28183532602063,3,1
195.026204311934,10,94.87214554003845,0,1
119.82209059155099,20,79.07074677975729,1,1
212.6609385028948,23,100.0,1,1
138.74790684304713,13,100.0,1,1
132.99121331759358,16,61.62684765218243,2,0
131.71448274470492,17,76.0455640414392,1,0
143.95610663382536,10,75.24015067995708,1,1
156.4863722921902,12,70.10028655217083,1,0
185.70699242484957,13,100.0,3,1
71.31606120428187,6,80.38642874326301,0,1
178.69531092951686,18,80.40339055616143,1,0
75.18786053839466,12,93.11981941012418,1,1
166.4645791953746,17,59.99055941275139,3,0
200.70173115724126,19,72.17356788386192,4,1
100.90651064031607,11,66.90966442887822,1,1
131.51335704204368,15,71.71043899153335,2,1
70.24328991813289,17,32.249548360242265,4,0
140.3285536370069,14,93.16873601190443,2,1
106.13845721164165,13,100.0,0,0
185.0847239521203,18,87.2173110855479,0,1
208.96389357538237,16,63.75596710989089,2,1
212.805771485548,10,75.35835425650077,4,1
124.7024388039764,11,78.11684732462504,0,1
140.58501568149626,15,69.73622834179936,0,1
44.24528135005724,23,87.90273957592734,0,0
83.73584700767151,18,87.15390066563,2,0
193.41832348938559,9,67.6682230927351,1,1
192.70122705967043,10,85.87621566671262,3,0
94.4543007654035,13,100.0,1,1
123.33910833811976,10,100.0,3,1
148.81174093684828,19,100.0,2,1
162.6072521468823,19,71.47011025835204,1,1
113.56784160352592,13,100.0,2,1
169.08274700088404,12,79.68690417236817,2,1
128.6772293818088,15,76.11301816929229,1,1
149.34964781047745,8,89.90608562316768,3,1
174.5827911601665,11,76.26907998860482,1,1
150.2890021414922,11,90.9856621096979,1,1
130.3626349263044,23,65.19884218394047,1,1
145.0675588233376,13,81.41871096904849,0,1
116.02366683575991,6,94.28373351542518,2,0
133.34950365530426,17,84.14408062853266,2,1
138.3541771799804,23,87.12393680109824,1,1
221.93912267271224,17,92.12887907075967,2,1
145.24137515735575,15,92.5599244397649,0,0
136.70338568868777,14,60.171629317158505,3,1
181.3629482029831,13,93.76786077756152,2,1
134.97812296097953,15,80.97791291137355,1,1
202.79060869139886,11,87.49956842967758,3,1
136.63389864891423,17,90.89925254643565,1,0
145.1714035198097,15,67.08720022882234,2,1
170.1472616614625,15,69.81033337835366,2,1
79.31057315691753,15,55.96855060429291,0,1
99.29546389905876,17,76.76261587354335,6,1
66.27337471204251,9,94.95648516568224,2,0
156.4324392643668,10,83.19119217289796,0,1
197.96317497682912,15,54.89812656517822,3,0
250.40850657866844,16,77.71481883137429,1,1
178.71229956483407,14,62.68207444764066,1,1
172.53800137250056,17,68.12220847403258,2,1
68.95240196312675,12,90.8322836539557,2,1
125.57967901196902,17,67.39190010540958,1,1
114.54973116412924,19,100.0,3,1
122.06185807869977,12,83.93319563754496,0,1
142.43352816368446,17,86.28392055916788,4,1
128.75592400362927,8,80.82440548588158,0,1
60.931508533089556,16,96.59271757815584,4,1
183.65596152528903,13,96.74739831665516,0,1
71.72656384170871,11,80.02581527868257,0,0
160.76610888500173,14,93.47183658861472,1,1
243.3337201387488,12,81.81865495119362,2,1
108.62769337861096,15,93.13304510363572,2,1
40.0,13,79.93183336789289,3,1
137.129810015395,11,85.03347433243603,3,1
199.5431835749357,14,80.88034375950554,3,1
238.12563543992673,15,78.14172191021206,0,1
94.67026824964124,9,74.66332303417315,1,1
172.35146504564347,17,92.01535155788328,1,1
99.0610294448976,12,94.65908869220195,1,0
145.2323240563139,11,100.0,1,1
268.9954506157666,11,66.15151996081846,1,1
82.36633522221811,12,100.0,3,1
131.4182847672558,17,70.22762247573107,2,0
141.0461927294445,10,84.01099522718387,5,0
198.86038462227063,13,71.40677001929183,1,1
124.40924190619029,16,77.12969870811008,2,0
163.8622742776846,17,89.7058477434536,1,1
132.3758144660194,15,62.73092812120521,0,1
162.11071235602984,12,94.12400749516284,2,1
104.55634760261653,16,95.18902511757473,1,0
177.9707350435223,11,82.38028081477557,1,1
133.36753487803648,15,100.0,2,1
166.9695177255984,21,82.15459759821388,2,1
148.68317338417597,13,97.74376796569926,2,1
200.67226128474755,19,51.721450510733504,4,1
117.68728243851812,16,100.0,1,0
70.21353893069033,19,100.0,1,1
206.78646753212962,20,80.73061743619482,3,1
109.24204646118216,14,55.41866460034273,3,1
120.58051476080311,17,89.32042552458233,2,1
123.19524176804285,20,63.34111679389365,2,1
181.84971419268678,13,81.67280306336232,1,0
53.894660370958704,14,91.17348578746423,4,1
291.1986840146997,14,70.87895246496963,2,1
197.52255640797233,16,100.0,5,1
160.0457511358122,9,97.0836205420926,3,1
147.5297699722671,13,99.63735005932845,3,1
162.84993336859458,20,85.13286555503343,1,1
173.45050927707024,11,63.767138996294406,4,1
149.03470136775258,15,89.66808408316706,0,0
175.00220097015517,10,80.94442901296313,1,1
154.0311306564862,14,64.15329785210997,2,1
141.11977108617032,16,100.0,0,1
113.19270223559198,12,100.0,2,0
141.22912738412936,19,84.38127806531196,1,1
201.01965435901792,13,100.0,2,1
176.71005250263877,16,86.36972092917024,6,1
40.0,13,79.29316143750474,3,1
179.51553494383924,16,75.54312318721784,3,1
158.76312876234488,17,100.0,2,1
149.15810595993463,8,73.29784177918341,3,1
132.51666961100014,11,96.0290396496248,2,1
170.5850723993706,19,66.61254247411188,1,0
192.6386907955286,19,78.09539856138456,4,1
85.2205049479376,14,90.4537454095435,4,0
168.3173529206041,11,79.2994473056597,5,1
106.27544694564213,11,78.9280693086956,0,1
57.91718258449813,18,91.9920704576221,1,0
121.79772489345157,19,100.0,0,1
188.80770625722414,23,94.6703470492635,1,1
192.8906270419239,17,75.17845336564076,1,1
143.0888439043782,16,67.34087251053631,1,0
182.62931040815988,11,86.19872895610057,0,1
143.22802292017312,15,79.81395092888486,3,0
91.13332821496715,18,60.182011347903426,2,0
139.43651451032733,15,85.84556909369796,0,0
186.0184286352457,22,86.28269994459399,1,1
153.94310984161083,19,49.26437522042806,2,0
173.50110171635893,13,61.06610276308904,7,0
181.87367312404785,10,77.43806989522504,5,1
165.81516933937124,16,83.90713466738417,3,1
168.15676072423923,21,100.0,0,0
148.8065433337923,17,88.57256959209442,1,1
110.3156406947527,15,72.38842165152062,2,1
112.66198662253062,14,78.30946206460744,1,0
116.47938098370979,15,79.71868378819178,1,1
